Workbook

Sheet README
A1: Soal 7 - Item analysis and reliability of the TB scale (TB1-TB6)
A2: Data source (verified from the uploaded files only)
A3: File 1: Electric_Cars_Purchase_Intention-Data_in_Brief.csv (MD5 09e51b6cd9256e2b3c7d0faef39daf9d), 510 data rows x 41 columns.
A4: File 2: Electric_Cars_Purchase_Intention-Maheswaran_and_Veena.sav (MD5 5bbeb8c35e913cba2aa6b264b5a7a33b), SPSS 23, created 21 May 2021; item values identical to File 1.
A5: Dataset landing page named by the user: https://data.mendeley.com/datasets/tz7krp8rvz/2 (could not be opened from the analysis environment; licence, version and citation NOT verified).
A6: Item wording below comes from the SPSS variable labels. The SPSS file has NO value labels for the Likert items: the meaning of codes 1-5 is NOT documented in the files.
A7: Construct name for 'TB' is NOT documented in the files.
A8: Sheets
A9: Raw_Data: the CSV exactly as uploaded (blank cells kept blank). Do not edit.
A10: Data_Check: range, missing-value and duplicate checks computed from Raw_Data.
A11: TB_Primary: TB1-TB6 linked from Raw_Data (n = 510) with total, rest scores and odd/even half scores.
A12: TB_Sensitivity: same, excluding Raw_Data row 142 (data row 141), the second of two rows identical on all 41 variables (n = 509).
... A20: Criteria (assumed; official Soal 7 criteria not available): corrected item-total r >= 0.30; alpha / Spearman-Brown >= 0.70 acceptable, 0.60-0.69 questionable, < 0.60 poor.

Sheet Item_Analysis
A1: Item analysis: corrected item-total correlation (CITC) = Pearson r between an item and the sum of the other five TB items
A2: CITC criterion (assumed; edit if the lecturer specifies another) | F2: 0.3
A3: Alpha for significance tests | F3: 0.05
A5: PRIMARY ANALYSIS (n = 510, as published)
A6: n | B6: =COUNT(TB_Primary!$H$2:$H$511) -> 510
A7: r critical (two-tailed) | B7: =TINV($F$3,B6-2)/SQRT(TINV($F$3,B6-2)^2+B6-2) -> 0.08683774
A9: Item | B9: Wording | C9: Mean | D9: SD | E9: Variance | F9: r item-total (uncorrected) | G9: CITC | H9: t | I9: p (two-tailed) | J9: Alpha if item deleted | K9: Meets CITC >= criterion? | L9: Statistically significant?
A10: TB1 | B10: I think e-cars are sleek | C10: =AVERAGE(TB_Primary!$B$2:$B$511) -> 3.754902 | D10: =STDEV(TB_Primary!$B$2:$B$511) -> 0.97348214 | E10: =VAR(TB_Primary!$B$2:$B$511) -> 0.94766748 | F10: =CORREL(TB_Primary!$B$2:$B$511,TB_Primary!$H$2:$H$511) -> 0.59179793 | G10: =CORREL(TB_Primary!$B$2:$B$511,TB_Primary!$I$2:$I$511) -> 0.29248686 | H10: =G10*SQRT(($B$6-2)/(1-G10^2)) -> 6.8937875 | I10: =TDIST(ABS(H10),$B$6-2,2) -> 1.6174168e-11 | J10: =(5/4)*(1-(SUM($E$10:$E$15)-E10)/VAR(TB_Primary!$I$2:$I$511)) -> 0.33454198 | K10: =IF(G10>=$F$2,"Yes","No") -> No | L10: =IF(I10<$F$3,"Yes","No") -> Yes
A11: TB2 | B11: I think e-cars are durable | C11: =AVERAGE(TB_Primary!$C$2:$C$511) -> 3.0686275 | D11: =STDEV(TB_Primary!$C$2:$C$511) -> 1.0132696 | E11: =VAR(TB_Primary!$C$2:$C$511) -> 1.0267152 | F11: =CORREL(TB_Primary!$C$2:$C$511,TB_Primary!$H$2:$H$511) -> 0.50896507 | G11: =CORREL(TB_Primary!$C$2:$C$511,TB_Primary!$J$2:$J$511) -> 0.17123658 | H11: =G11*SQRT(($B$6-2)/(1-G11^2)) -> 3.9173357 | I11: =TDIST(ABS(H11),$B$6-2,2) -> 0.00010177598 | J11: =(5/4)*(1-(SUM($E$10:$E$15)-E11)/VAR(TB_Primary!$J$2:$J$511)) -> 0.41411447 | K11: =IF(G11>=$F$2,"Yes","No") -> No | L11: =IF(I11<$F$3,"Yes","No") -> Yes
A12: TB3 | B12: I think e-cars are available in different size, colours and designs | C12: =AVERAGE(TB_Primary!$D$2:$D$511) -> 4.0509804 | D12: =STDEV(TB_Primary!$D$2:$D$511) -> 0.87384446 | E12: =VAR(TB_Primary!$D$2:$D$511) -> 0.76360414 | F12: =CORREL(TB_Primary!$D$2:$D$511,TB_Primary!$H$2:$H$511) -> 0.4614002 | G12: =CORREL(TB_Primary!$D$2:$D$511,TB_Primary!$K$2:$K$511) -> 0.16831647 | H12: =G12*SQRT(($B$6-2)/(1-G12^2)) -> 3.848568 | I12: =TDIST(ABS(H12),$B$6-2,2) -> 0.00013395332 | J12: =(5/4)*(1-(SUM($E$10:$E$15)-E12)/VAR(TB_Primary!$K$2:$K$511)) -> 0.41125979 | K12: =IF(G12>=$F$2,"Yes","No") -> No | L12: =IF(I12<$F$3,"Yes","No") -> Yes
A13: TB4 | B13: I think e-cars are aesthetically appealing | C13: =AVERAGE(TB_Primary!$E$2:$E$511) -> 3.3392157 | D13: =STDEV(TB_Primary!$E$2:$E$511) -> 0.80068204 | E13: =VAR(TB_Primary!$E$2:$E$511) -> 0.64109172 | F13: =CORREL(TB_Primary!$E$2:$E$511,TB_Primary!$H$2:$H$511) -> 0.5640402 | G13: =CORREL(TB_Primary!$E$2:$E$511,TB_Primary!$L$2:$L$511) -> 0.32120709 | H13: =G13*SQRT(($B$6-2)/(1-G13^2)) -> 7.6447428 | I13: =TDIST(ABS(H13),$B$6-2,2) -> 1.0538504e-13 | J13: =(5/4)*(1-(SUM($E$10:$E$15)-E13)/VAR(TB_Primary!$L$2:$L$511)) -> 0.33103521 | K13: =IF(G13>=$F$2,"Yes","No") -> Yes | L13: =IF(I13<$F$3,"Yes","No") -> Yes
A14: TB5 | B14: I think e-cars are technologically superior | C14: =AVERAGE(TB_Primary!$F$2:$F$511) -> 2.9058824 | D14: =STDEV(TB_Primary!$F$2:$F$511) -> 0.93762476 | E14: =VAR(TB_Primary!$F$2:$F$511) -> 0.87914018 | F14: =CORREL(TB_Primary!$F$2:$F$511,TB_Primary!$H$2:$H$511) -> 0.41168415 | G14: =CORREL(TB_Primary!$F$2:$F$511,TB_Primary!$M$2:$M$511) -> 0.086530634 | H14: =G14*SQRT(($B$6-2)/(1-G14^2)) -> 1.9576442 | I14: =TDIST(ABS(H14),$B$6-2,2) -> 0.050818847 | J14: =(5/4)*(1-(SUM($E$10:$E$15)-E14)/VAR(TB_Primary!$M$2:$M$511)) -> 0.45975266 | K14: =IF(G14>=$F$2,"Yes","No") -> No | L14: =IF(I14<$F$3,"Yes","No") -> No
A15: TB6 | B15: I think e-cars give comfortable ride | C15: =AVERAGE(TB_Primary!$G$2:$G$511) -> 3.0470588 | D15: =STDEV(TB_Primary!$G$2:$G$511) -> 0.90931718 | E15: =VAR(TB_Primary!$G$2:$G$511) -> 0.82685774 | F15: =CORREL(TB_Primary!$G$2:$G$511,TB_Primary!$H$2:$H$511) -> 0.53560575 | G15: =CORREL(TB_Primary!$G$2:$G$511,TB_Primary!$N$2:$N$511) -> 0.2446946 | H15: =G15*SQRT(($B$6-2)/(1-G15^2)) -> 5.6880518 | I15: =TDIST(ABS(H15),$B$6-2,2) -> 2.1716328e-08 | J15: =(5/4)*(1-(SUM($E$10:$E$15)-E15)/VAR(TB_Primary!$N$2:$N$511)) -> 0.36740945 | K15: =IF(G15>=$F$2,"Yes","No") -> No | L15: =IF(I15<$F$3,"Yes","No") -> Yes
A16: Items meeting CITC criterion | C16: =COUNTIF(K10:K15,"Yes")&" of 6" -> 1 of 6
A18: Inter-item Pearson correlations
B19: TB1 | C19: TB2 | D19: TB3 | E19: TB4 | F19: TB5 | G19: TB6
A20: TB1 | B20: =CORREL(TB_Primary!$B$2:$B$511,TB_Primary!$B$2:$B$511) -> 1 | C20: =CORREL(TB_Primary!$B$2:$B$511,TB_Primary!$C$2:$C$511) -> 0.04895346 | D20: =CORREL(TB_Primary!$B$2:$B$511,TB_Primary!$D$2:$D$511) -> 0.18100229 | E20: =CORREL(TB_Primary!$B$2:$B$511,TB_Primary!$E$2:$E$511) -> 0.30851943 | F20: =CORREL(TB_Primary!$B$2:$B$511,TB_Primary!$F$2:$F$511) -> 0.099517347 | G20: =CORREL(TB_Primary!$B$2:$B$511,TB_Primary!$G$2:$G$511) -> 0.1617563
A21: TB2 | B21: =CORREL(TB_Primary!$C$2:$C$511,TB_Primary!$B$2:$B$511) -> 0.04895346 | C21: =CORREL(TB_Primary!$C$2:$C$511,TB_Primary!$C$2:$C$511) -> 1 | D21: =CORREL(TB_Primary!$C$2:$C$511,TB_Primary!$D$2:$D$511) -> 0.11363865 | E21: =CORREL(TB_Primary!$C$2:$C$511,TB_Primary!$E$2:$E$511) -> 0.068112609 | F21: =CORREL(TB_Primary!$C$2:$C$511,TB_Primary!$F$2:$F$511) -> 0.079188155 | G21: =CORREL(TB_Primary!$C$2:$C$511,TB_Primary!$G$2:$G$511) -> 0.16067268
A22: TB3 | B22: =CORREL(TB_Primary!$D$2:$D$511,TB_Primary!$B$2:$B$511) -> 0.18100229 | C22: =CORREL(TB_Primary!$D$2:$D$511,TB_Primary!$C$2:$C$511) -> 0.11363865 | D22: =CORREL(TB_Primary!$D$2:$D$511,TB_Primary!$D$2:$D$511) -> 1 | E22: =CORREL(TB_Primary!$D$2:$D$511,TB_Primary!$E$2:$E$511) -> 0.27568476 | F22: =CORREL(TB_Primary!$D$2:$D$511,TB_Primary!$F$2:$F$511) -> -0.14519587 | G22: =CORREL(TB_Primary!$D$2:$D$511,TB_Primary!$G$2:$G$511) -> 0.056314354
A23: TB4 | B23: =CORREL(TB_Primary!$E$2:$E$511,TB_Primary!$B$2:$B$511) -> 0.30851943 | C23: =CORREL(TB_Primary!$E$2:$E$511,TB_Primary!$C$2:$C$511) -> 0.068112609 | D23: =CORREL(TB_Primary!$E$2:$E$511,TB_Primary!$D$2:$D$511) -> 0.27568476 | E23: =CORREL(TB_Primary!$E$2:$E$511,TB_Primary!$E$2:$E$511) -> 1 | F23: =CORREL(TB_Primary!$E$2:$E$511,TB_Primary!$F$2:$F$511) -> 0.063545359 | G23: =CORREL(TB_Primary!$E$2:$E$511,TB_Primary!$G$2:$G$511) -> 0.13184077
A24: TB5 | B24: =CORREL(TB_Primary!$F$2:$F$511,TB_Primary!$B$2:$B$511) -> 0.099517347 | C24: =CORREL(TB_Primary!$F$2:$F$511,TB_Primary!$C$2:$C$511) -> 0.079188155 | D24: =CORREL(TB_Primary!$F$2:$F$511,TB_Primary!$D$2:$D$511) -> -0.14519587 | E24: =CORREL(TB_Primary!$F$2:$F$511,TB_Primary!$E$2:$E$511) -> 0.063545359 | F24: =CORREL(TB_Primary!$F$2:$F$511,TB_Primary!$F$2:$F$511) -> 1 | G24: =CORREL(TB_Primary!$F$2:$F$511,TB_Primary!$G$2:$G$511) -> 0.13424542
A25: TB6 | B25: =CORREL(TB_Primary!$G$2:$G$511,TB_Primary!$B$2:$B$511) -> 0.1617563 | C25: =CORREL(TB_Primary!$G$2:$G$511,TB_Primary!$C$2:$C$511) -> 0.16067268 | D25: =CORREL(TB_Primary!$G$2:$G$511,TB_Primary!$D$2:$D$511) -> 0.056314354 | E25: =CORREL(TB_Primary!$G$2:$G$511,TB_Primary!$E$2:$E$511) -> 0.13184077 | F25: =CORREL(TB_Primary!$G$2:$G$511,TB_Primary!$F$2:$F$511) -> 0.13424542 | G25: =CORREL(TB_Primary!$G$2:$G$511,TB_Primary!$G$2:$G$511) -> 1
A27: Mean inter-item r (15 pairs) | C27: =(SUM(B20:G25)-6)/30 -> 0.11585305
A28: Smallest inter-item r | C28: =MIN(B20:G25) -> -0.14519587
A31: SENSITIVITY ANALYSIS (n = 509, second identical row removed)
A32: n | B32: =COUNT(TB_Sensitivity!$H$2:$H$510) -> 509
A33: r critical (two-tailed) | B33: =TINV($F$3,B32-2)/SQRT(TINV($F$3,B32-2)^2+B32-2) -> 0.086923097
A35: Item | B35: Wording | C35: Mean | D35: SD | E35: Variance | F35: r item-total (uncorrected) | G35: CITC | H35: t | I35: p (two-tailed) | J35: Alpha if item deleted | K35: Meets CITC >= criterion? | L35: Statistically significant?
A36: TB1 | B36: I think e-cars are sleek | C36: =AVERAGE(TB_Sensitivity!$B$2:$B$510) -> 3.7544204 | D36: =STDEV(TB_Sensitivity!$B$2:$B$510) -> 0.97437902 | E36: =VAR(TB_Sensitivity!$B$2:$B$510) -> 0.94941448 | F36: =CORREL(TB_Sensitivity!$B$2:$B$510,TB_Sensitivity!$H$2:$H$510) -> 0.59192536 | G36: =CORREL(TB_Sensitivity!$B$2:$B$510,TB_Sensitivity!$I$2:$I$510) -> 0.29230673 | H36: =G36*SQRT(($B$32-2)/(1-G36^2)) -> 6.8823612 | I36: =TDIST(ABS(H36),$B$32-2,2) -> 1.7441759e-11 | J36: =(5/4)*(1-(SUM($E$36:$E$41)-E36)/VAR(TB_Sensitivity!$I$2:$I$510)) -> 0.33497166 | K36: =IF(G36>=$F$2,"Yes","No") -> No | L36: =IF(I36<$F$3,"Yes","No") -> Yes
A37: TB2 | B37: I think e-cars are durable | C37: =AVERAGE(TB_Sensitivity!$C$2:$C$510) -> 3.064833 | D37: =STDEV(TB_Sensitivity!$C$2:$C$510) -> 1.0106329 | E37: =VAR(TB_Sensitivity!$C$2:$C$510) -> 1.021379 | F37: =CORREL(TB_Sensitivity!$C$2:$C$510,TB_Sensitivity!$H$2:$H$510) -> 0.50751568 | G37: =CORREL(TB_Sensitivity!$C$2:$C$510,TB_Sensitivity!$J$2:$J$510) -> 0.17049602 | H37: =G37*SQRT(($B$32-2)/(1-G37^2)) -> 3.8960455 | I37: =TDIST(ABS(H37),$B$32-2,2) -> 0.00011088633 | J37: =(5/4)*(1-(SUM($E$36:$E$41)-E37)/VAR(TB_Sensitivity!$J$2:$J$510)) -> 0.41479424 | K37: =IF(G37>=$F$2,"Yes","No") -> No | L37: =IF(I37<$F$3,"Yes","No") -> Yes
A38: TB3 | B38: I think e-cars are available in different size, colours and designs | C38: =AVERAGE(TB_Sensitivity!$D$2:$D$510) -> 4.0491159 | D38: =STDEV(TB_Sensitivity!$D$2:$D$510) -> 0.87368811 | E38: =VAR(TB_Sensitivity!$D$2:$D$510) -> 0.76333091 | F38: =CORREL(TB_Sensitivity!$D$2:$D$510,TB_Sensitivity!$H$2:$H$510) -> 0.46024369 | G38: =CORREL(TB_Sensitivity!$D$2:$D$510,TB_Sensitivity!$K$2:$K$510) -> 0.16701366 | H38: =G38*SQRT(($B$32-2)/(1-G38^2)) -> 3.8141614 | I38: =TDIST(ABS(H38),$B$32-2,2) -> 0.0001534892 | J38: =(5/4)*(1-(SUM($E$36:$E$41)-E38)/VAR(TB_Sensitivity!$K$2:$K$510)) -> 0.41227996 | K38: =IF(G38>=$F$2,"Yes","No") -> No | L38: =IF(I38<$F$3,"Yes","No") -> Yes
A39: TB4 | B39: I think e-cars are aesthetically appealing | C39: =AVERAGE(TB_Sensitivity!$E$2:$E$510) -> 3.3379175 | D39: =STDEV(TB_Sensitivity!$E$2:$E$510) -> 0.80093227 | E39: =VAR(TB_Sensitivity!$E$2:$E$510) -> 0.6414925 | F39: =CORREL(TB_Sensitivity!$E$2:$E$510,TB_Sensitivity!$H$2:$H$510) -> 0.5633453 | G39: =CORREL(TB_Sensitivity!$E$2:$E$510,TB_Sensitivity!$L$2:$L$510) -> 0.32023234 | H39: =G39*SQRT(($B$32-2)/(1-G39^2)) -> 7.6113857 | I39: =TDIST(ABS(H39),$B$32-2,2) -> 1.33303e-13 | J39: =(5/4)*(1-(SUM($E$36:$E$41)-E39)/VAR(TB_Sensitivity!$L$2:$L$510)) -> 0.33186842 | K39: =IF(G39>=$F$2,"Yes","No") -> Yes | L39: =IF(I39<$F$3,"Yes","No") -> Yes
A40: TB5 | B40: I think e-cars are technologically superior | C40: =AVERAGE(TB_Sensitivity!$F$2:$F$510) -> 2.9076621 | D40: =STDEV(TB_Sensitivity!$F$2:$F$510) -> 0.93768449 | E40: =VAR(TB_Sensitivity!$F$2:$F$510) -> 0.8792522 | F40: =CORREL(TB_Sensitivity!$F$2:$F$510,TB_Sensitivity!$H$2:$H$510) -> 0.41438776 | G40: =CORREL(TB_Sensitivity!$F$2:$F$510,TB_Sensitivity!$M$2:$M$510) -> 0.08955532 | H40: =G40*SQRT(($B$32-2)/(1-G40^2)) -> 2.024622 | I40: =TDIST(ABS(H40),$B$32-2,2) -> 0.043429866 | J40: =(5/4)*(1-(SUM($E$36:$E$41)-E40)/VAR(TB_Sensitivity!$M$2:$M$510)) -> 0.45837499 | K40: =IF(G40>=$F$2,"Yes","No") -> No | L40: =IF(I40<$F$3,"Yes","No") -> Yes
A41: TB6 | B41: I think e-cars give comfortable ride | C41: =AVERAGE(TB_Sensitivity!$G$2:$G$510) -> 3.0471513 | D41: =STDEV(TB_Sensitivity!$G$2:$G$510) -> 0.91020934 | E41: =VAR(TB_Sensitivity!$G$2:$G$510) -> 0.82848104 | F41: =CORREL(TB_Sensitivity!$G$2:$G$510,TB_Sensitivity!$H$2:$H$510) -> 0.53624271 | G41: =CORREL(TB_Sensitivity!$G$2:$G$510,TB_Sensitivity!$N$2:$N$510) -> 0.24514689 | H41: =G41*SQRT(($B$32-2)/(1-G41^2)) -> 5.693625 | I41: =TDIST(ABS(H41),$B$32-2,2) -> 2.1081136e-08 | J41: =(5/4)*(1-(SUM($E$36:$E$41)-E41)/VAR(TB_Sensitivity!$N$2:$N$510)) -> 0.36744632 | K41: =IF(G41>=$F$2,"Yes","No") -> No | L41: =IF(I41<$F$3,"Yes","No") -> Yes
A42: Items meeting CITC criterion | C42: =COUNTIF(K36:K41,"Yes")&" of 6" -> 1 of 6
A44: Inter-item Pearson correlations
B45: TB1 | C45: TB2 | D45: TB3 | E45: TB4 | F45: TB5 | G45: TB6
A46: TB1 | B46: =CORREL(TB_Sensitivity!$B$2:$B$510,TB_Sensitivity!$B$2:$B$510) -> 1 | C46: =CORREL(TB_Sensitivity!$B$2:$B$510,TB_Sensitivity!$C$2:$C$510) -> 0.048184382 | D46: =CORREL(TB_Sensitivity!$B$2:$B$510,TB_Sensitivity!$D$2:$D$510) -> 0.18068517 | E46: =CORREL(TB_Sensitivity!$B$2:$B$510,TB_Sensitivity!$E$2:$E$510) -> 0.3083364 | F46: =CORREL(TB_Sensitivity!$B$2:$B$510,TB_Sensitivity!$F$2:$F$510) -> 0.10009443 | G46: =CORREL(TB_Sensitivity!$B$2:$B$510,TB_Sensitivity!$G$2:$G$510) -> 0.16179248
A47: TB2 | B47: =CORREL(TB_Sensitivity!$C$2:$C$510,TB_Sensitivity!$B$2:$B$510) -> 0.048184382 | C47: =CORREL(TB_Sensitivity!$C$2:$C$510,TB_Sensitivity!$C$2:$C$510) -> 1 | D47: =CORREL(TB_Sensitivity!$C$2:$C$510,TB_Sensitivity!$D$2:$D$510) -> 0.11008553 | E47: =CORREL(TB_Sensitivity!$C$2:$C$510,TB_Sensitivity!$E$2:$E$510) -> 0.065293609 | F47: =CORREL(TB_Sensitivity!$C$2:$C$510,TB_Sensitivity!$F$2:$F$510) -> 0.083187434 | G47: =CORREL(TB_Sensitivity!$C$2:$C$510,TB_Sensitivity!$G$2:$G$510) -> 0.16144563
A48: TB3 | B48: =CORREL(TB_Sensitivity!$D$2:$D$510,TB_Sensitivity!$B$2:$B$510) -> 0.18068517 | C48: =CORREL(TB_Sensitivity!$D$2:$D$510,TB_Sensitivity!$C$2:$C$510) -> 0.11008553 | D48: =CORREL(TB_Sensitivity!$D$2:$D$510,TB_Sensitivity!$D$2:$D$510) -> 1 | E48: =CORREL(TB_Sensitivity!$D$2:$D$510,TB_Sensitivity!$E$2:$E$510) -> 0.27442301 | F48: =CORREL(TB_Sensitivity!$D$2:$D$510,TB_Sensitivity!$F$2:$F$510) -> -0.14342868 | G48: =CORREL(TB_Sensitivity!$D$2:$D$510,TB_Sensitivity!$G$2:$G$510) -> 0.056490757
A49: TB4 | B49: =CORREL(TB_Sensitivity!$E$2:$E$510,TB_Sensitivity!$B$2:$B$510) -> 0.3083364 | C49: =CORREL(TB_Sensitivity!$E$2:$E$510,TB_Sensitivity!$C$2:$C$510) -> 0.065293609 | D49: =CORREL(TB_Sensitivity!$E$2:$E$510,TB_Sensitivity!$D$2:$D$510) -> 0.27442301 | E49: =CORREL(TB_Sensitivity!$E$2:$E$510,TB_Sensitivity!$E$2:$E$510) -> 1 | F49: =CORREL(TB_Sensitivity!$E$2:$E$510,TB_Sensitivity!$F$2:$F$510) -> 0.065218555 | G49: =CORREL(TB_Sensitivity!$E$2:$E$510,TB_Sensitivity!$G$2:$G$510) -> 0.13201372
A50: TB5 | B50: =CORREL(TB_Sensitivity!$F$2:$F$510,TB_Sensitivity!$B$2:$B$510) -> 0.10009443 | C50: =CORREL(TB_Sensitivity!$F$2:$F$510,TB_Sensitivity!$C$2:$C$510) -> 0.083187434 | D50: =CORREL(TB_Sensitivity!$F$2:$F$510,TB_Sensitivity!$D$2:$D$510) -> -0.14342868 | E50: =CORREL(TB_Sensitivity!$F$2:$F$510,TB_Sensitivity!$E$2:$E$510) -> 0.065218555 | F50: =CORREL(TB_Sensitivity!$F$2:$F$510,TB_Sensitivity!$F$2:$F$510) -> 1 | G50: =CORREL(TB_Sensitivity!$F$2:$F$510,TB_Sensitivity!$G$2:$G$510) -> 0.13427076
A51: TB6 | B51: =CORREL(TB_Sensitivity!$G$2:$G$510,TB_Sensitivity!$B$2:$B$510) -> 0.16179248 | C51: =CORREL(TB_Sensitivity!$G$2:$G$510,TB_Sensitivity!$C$2:$C$510) -> 0.16144563 | D51: =CORREL(TB_Sensitivity!$G$2:$G$510,TB_Sensitivity!$D$2:$D$510) -> 0.056490757 | E51: =CORREL(TB_Sensitivity!$G$2:$G$510,TB_Sensitivity!$E$2:$E$510) -> 0.13201372 | F51: =CORREL(TB_Sensitivity!$G$2:$G$510,TB_Sensitivity!$F$2:$F$510) -> 0.13427076 | G51: =CORREL(TB_Sensitivity!$G$2:$G$510,TB_Sensitivity!$G$2:$G$510) -> 1
A53: Mean inter-item r (15 pairs) | C53: =(SUM(B46:G51)-6)/30 -> 0.11587288
A54: Smallest inter-item r | C54: =MIN(B46:G51) -> -0.14342868

Sheet Reliability
A1: Reliability of the 6-item TB scale
A2: CI level | C2: 0.95
A3: Acceptable threshold (assumed) | C3: 0.7
A4: Questionable threshold (assumed) | C4: 0.6
A6: Statistic | B6: Primary (n = 510) | C6: Sensitivity (n = 509) | D6: Formula / note
A7: n | B7: =COUNT(TB_Primary!$H$2:$H$511) -> 510 | C7: =COUNT(TB_Sensitivity!$H$2:$H$510) -> 509 | D7: COUNT of total scores
A8: k (items) | B8: 6 | C8: 6 | D8: TB1-TB6
A9: Sum of item variances | B9: =SUM(Item_Analysis!$E$10:$E$15) -> 5.0850765 | C9: =SUM(Item_Analysis!$E$36:$E$41) -> 5.0833501 | D9: SUM of VAR of each item (Item_Analysis col E)
A10: Variance of total score | B10: =VAR(TB_Primary!$H$2:$H$511) -> 7.9505566 | C10: =VAR(TB_Sensitivity!$H$2:$H$510) -> 7.9503736 | D10: VAR of Total
A11: Cronbach's alpha | B11: =(B8/(B8-1))*(1-B9/B10) -> 0.43249503 | C11: =(C8/(C8-1))*(1-C9/C10) -> 0.43273793 | D11: k/(k-1) * (1 - sum item var / total var)
A12: Alpha 95% CI lower (Feldt) | B12: =1-(1-B11)*FINV((1-$C$2)/2,B7-1,(B7-1)*(B8-1)) -> 0.35264832 | C12: =1-(1-C11)*FINV((1-$C$2)/2,C7-1,(C7-1)*(C8-1)) -> 0.3528434 | D12: 1-(1-alpha)*FINV(0.025, n-1, (n-1)(k-1))
A13: Alpha 95% CI upper (Feldt) | B13: =1-(1-B11)*FINV(1-(1-$C$2)/2,B7-1,(B7-1)*(B8-1)) -> 0.50553239 | C13: =1-(1-C11)*FINV(1-(1-$C$2)/2,C7-1,(C7-1)*(C8-1)) -> 0.50581263 | D13: 1-(1-alpha)*FINV(0.975, n-1, (n-1)(k-1))
A14: Alpha decision | B14: =IF(B11>=$C$3,"Acceptable",IF(B11>=$C$4,"Questionable","Poor")) -> Poor | C14: =IF(C11>=$C$3,"Acceptable",IF(C11>=$C$4,"Questionable","Poor")) -> Poor | D14: >= 0.70 acceptable; 0.60-0.69 questionable; < 0.60 poor
A15: r between odd and even half scores | B15: =CORREL(TB_Primary!$O$2:$O$511,TB_Primary!$P$2:$P$511) -> 0.33983097 | C15: =CORREL(TB_Sensitivity!$O$2:$O$510,TB_Sensitivity!$P$2:$P$510) -> 0.34005531 | D15: Odd = TB1+TB3+TB5, Even = TB2+TB4+TB6
A16: Spearman-Brown corrected split-half | B16: =2*B15/(1+B15) -> 0.50727439 | C16: =2*C15/(1+C15) -> 0.50752429 | D16: 2r / (1 + r)
A17: Split-half decision | B17: =IF(B16>=$C$3,"Acceptable",IF(B16>=$C$4,"Questionable","Poor")) -> Poor | C17: =IF(C16>=$C$3,"Acceptable",IF(C16>=$C$4,"Questionable","Poor")) -> Poor | D17: same thresholds
A18: Variance of odd half | B18: =VAR(TB_Primary!$O$2:$O$511) -> 2.842101 | C18: =VAR(TB_Sensitivity!$O$2:$O$510) -> 2.8475318
A19: Variance of even half | B19: =VAR(TB_Primary!$P$2:$P$511) -> 3.093247 | C19: =VAR(TB_Sensitivity!$P$2:$P$510) -> 3.08656
A20: Guttman split-half (lambda-4, same split; supplementary) | B20: =2*(1-(B18+B19)/B10) -> 0.50693522 | C20: =2*(1-(C18+C19)/C10) -> 0.50721685 | D20: 2*(1-(var odd + var even)/var total)

Sheet Cross_Check
A1: Cross-check: Excel formulas vs independent Python computation (pandas 2.x / scipy). Python values are pasted as fixed numbers.
A3: Analysis | B3: Statistic | C3: Excel (formula) | D3: Python (fixed value) | E3: Absolute difference
A4: Primary n=510 | B4: TB1 citc | C4: =Item_Analysis!G10 -> 0.29248686 | D4: 0.29248686 | E4: =ABS(C4-D4) -> 0
A5: Primary n=510 | B5: TB1 alpha_if_deleted | C5: =Item_Analysis!J10 -> 0.33454198 | D5: 0.33454198 | E5: =ABS(C5-D5) -> 1.2767565e-15
A6: Primary n=510 | B6: TB1 mean | C6: =Item_Analysis!C10 -> 3.754902 | D6: 3.754902 | E6: =ABS(C6-D6) -> 0
A7: Primary n=510 | B7: TB1 sd | C7: =Item_Analysis!D10 -> 0.97348214 | D7: 0.97348214 | E7: =ABS(C7-D7) -> 0
A8: Primary n=510 | B8: TB2 citc | C8: =Item_Analysis!G11 -> 0.17123658 | D8: 0.17123658 | E8: =ABS(C8-D8) -> 0
A9: Primary n=510 | B9: TB2 alpha_if_deleted | C9: =Item_Analysis!J11 -> 0.41411447 | D9: 0.41411447 | E9: =ABS(C9-D9) -> 2.6645353e-15
A10: Primary n=510 | B10: TB2 mean | C10: =Item_Analysis!C11 -> 3.0686275 | D10: 3.0686275 | E10: =ABS(C10-D10) -> 0
A11: Primary n=510 | B11: TB2 sd | C11: =Item_Analysis!D11 -> 1.0132696 | D11: 1.0132696 | E11: =ABS(C11-D11) -> 0
A12: Primary n=510 | B12: TB3 citc | C12: =Item_Analysis!G12 -> 0.16831647 | D12: 0.16831647 | E12: =ABS(C12-D12) -> 0
A13: Primary n=510 | B13: TB3 alpha_if_deleted | C13: =Item_Analysis!J12 -> 0.41125979 | D13: 0.41125979 | E13: =ABS(C13-D13) -> 2.4980018e-15
A14: Primary n=510 | B14: TB3 mean | C14: =Item_Analysis!C12 -> 4.0509804 | D14: 4.0509804 | E14: =ABS(C14-D14) -> 0
A15: Primary n=510 | B15: TB3 sd | C15: =Item_Analysis!D12 -> 0.87384446 | D15: 0.87384446 | E15: =ABS(C15-D15) -> 0
A16: Primary n=510 | B16: TB4 citc | C16: =Item_Analysis!G13 -> 0.32120709 | D16: 0.32120709 | E16: =ABS(C16-D16) -> 0
A17: Primary n=510 | B17: TB4 alpha_if_deleted | C17: =Item_Analysis!J13 -> 0.33103521 | D17: 0.33103521 | E17: =ABS(C17-D17) -> 1.9428903e-15
A18: Primary n=510 | B18: TB4 mean | C18: =Item_Analysis!C13 -> 3.3392157 | D18: 3.3392157 | E18: =ABS(C18-D18) -> 0
A19: Primary n=510 | B19: TB4 sd | C19: =Item_Analysis!D13 -> 0.80068204 | D19: 0.80068204 | E19: =ABS(C19-D19) -> 3.663736e-15
A20: Primary n=510 | B20: TB5 citc | C20: =Item_Analysis!G14 -> 0.086530634 | D20: 0.086530634 | E20: =ABS(C20-D20) -> 0
A21: Primary n=510 | B21: TB5 alpha_if_deleted | C21: =Item_Analysis!J14 -> 0.45975266 | D21: 0.45975266 | E21: =ABS(C21-D21) -> 6.4948047e-15
A22: Primary n=510 | B22: TB5 mean | C22: =Item_Analysis!C14 -> 2.9058824 | D22: 2.9058824 | E22: =ABS(C22-D22) -> 0
A23: Primary n=510 | B23: TB5 sd | C23: =Item_Analysis!D14 -> 0.93762476 | D23: 0.93762476 | E23: =ABS(C23-D23) -> 0
A24: Primary n=510 | B24: TB6 citc | C24: =Item_Analysis!G15 -> 0.2446946 | D24: 0.2446946 | E24: =ABS(C24-D24) -> 0
A25: Primary n=510 | B25: TB6 alpha_if_deleted | C25: =Item_Analysis!J15 -> 0.36740945 | D25: 0.36740945 | E25: =ABS(C25-D25) -> 3.7192471e-15
A26: Primary n=510 | B26: TB6 mean | C26: =Item_Analysis!C15 -> 3.0470588 | D26: 3.0470588 | E26: =ABS(C26-D26) -> 0
A27: Primary n=510 | B27: TB6 sd | C27: =Item_Analysis!D15 -> 0.90931718 | D27: 0.90931718 | E27: =ABS(C27-D27) -> 0
A28: Primary n=510 | B28: alpha | C28: =Reliability!B11 -> 0.43249503 | D28: 0.43249503 | E28: =ABS(C28-D28) -> 4.6074256e-15
A29: Primary n=510 | B29: spearman_brown | C29: =Reliability!B16 -> 0.50727439 | D29: 0.50727439 | E29: =ABS(C29-D29) -> 0
A30: Primary n=510 | B30: r_half | C30: =Reliability!B15 -> 0.33983097 | D30: 0.33983097 | E30: =ABS(C30-D30) -> 0
A31: Primary n=510 | B31: guttman | C31: =Reliability!B20 -> 0.50693522 | D31: 0.50693522 | E31: =ABS(C31-D31) -> 5.9952043e-15
A32: Primary n=510 | B32: alpha CI lower | C32: =Reliability!B12 -> 0.35264832 | D32: 0.35264832 | E32: =ABS(C32-D32) -> 4.9404925e-15
A33: Primary n=510 | B33: alpha CI upper | C33: =Reliability!B13 -> 0.50553239 | D33: 0.50553239 | E33: =ABS(C33-D33) -> 4.6629367e-15
A34: Sensitivity n=509 | B34: TB1 citc | C34: =Item_Analysis!G36 -> 0.29230673 | D34: 0.29230673 | E34: =ABS(C34-D34) -> 0
A35: Sensitivity n=509 | B35: TB1 alpha_if_deleted | C35: =Item_Analysis!J36 -> 0.33497166 | D35: 0.33497166 | E35: =ABS(C35-D35) -> 2.2759572e-15
A36: Sensitivity n=509 | B36: TB1 mean | C36: =Item_Analysis!C36 -> 3.7544204 | D36: 3.7544204 | E36: =ABS(C36-D36) -> 0
A37: Sensitivity n=509 | B37: TB1 sd | C37: =Item_Analysis!D36 -> 0.97437902 | D37: 0.97437902 | E37: =ABS(C37-D37) -> 0
A38: Sensitivity n=509 | B38: TB2 citc | C38: =Item_Analysis!G37 -> 0.17049602 | D38: 0.17049602 | E38: =ABS(C38-D38) -> 0
A39: Sensitivity n=509 | B39: TB2 alpha_if_deleted | C39: =Item_Analysis!J37 -> 0.41479424 | D39: 0.41479424 | E39: =ABS(C39-D39) -> 7.5495166e-15
A40: Sensitivity n=509 | B40: TB2 mean | C40: =Item_Analysis!C37 -> 3.064833 | D40: 3.064833 | E40: =ABS(C40-D40) -> 0
A41: Sensitivity n=509 | B41: TB2 sd | C41: =Item_Analysis!D37 -> 1.0106329 | D41: 1.0106329 | E41: =ABS(C41-D41) -> 0
A42: Sensitivity n=509 | B42: TB3 citc | C42: =Item_Analysis!G38 -> 0.16701366 | D42: 0.16701366 | E42: =ABS(C42-D42) -> 0
A43: Sensitivity n=509 | B43: TB3 alpha_if_deleted | C43: =Item_Analysis!J38 -> 0.41227996 | D43: 0.41227996 | E43: =ABS(C43-D43) -> 0
A44: Sensitivity n=509 | B44: TB3 mean | C44: =Item_Analysis!C38 -> 4.0491159 | D44: 4.0491159 | E44: =ABS(C44-D44) -> 0
A45: Sensitivity n=509 | B45: TB3 sd | C45: =Item_Analysis!D38 -> 0.87368811 | D45: 0.87368811 | E45: =ABS(C45-D45) -> 0
A46: Sensitivity n=509 | B46: TB4 citc | C46: =Item_Analysis!G39 -> 0.32023234 | D46: 0.32023234 | E46: =ABS(C46-D46) -> 0
A47: Sensitivity n=509 | B47: TB4 alpha_if_deleted | C47: =Item_Analysis!J39 -> 0.33186842 | D47: 0.33186842 | E47: =ABS(C47-D47) -> 0
A48: Sensitivity n=509 | B48: TB4 mean | C48: =Item_Analysis!C39 -> 3.3379175 | D48: 3.3379175 | E48: =ABS(C48-D48) -> 0
A49: Sensitivity n=509 | B49: TB4 sd | C49: =Item_Analysis!D39 -> 0.80093227 | D49: 0.80093227 | E49: =ABS(C49-D49) -> 0
A50: Sensitivity n=509 | B50: TB5 citc | C50: =Item_Analysis!G40 -> 0.08955532 | D50: 0.08955532 | E50: =ABS(C50-D50) -> 0
A51: Sensitivity n=509 | B51: TB5 alpha_if_deleted | C51: =Item_Analysis!J40 -> 0.45837499 | D51: 0.45837499 | E51: =ABS(C51-D51) -> 2.4424907e-15
A52: Sensitivity n=509 | B52: TB5 mean | C52: =Item_Analysis!C40 -> 2.9076621 | D52: 2.9076621 | E52: =ABS(C52-D52) -> 0
A53: Sensitivity n=509 | B53: TB5 sd | C53: =Item_Analysis!D40 -> 0.93768449 | D53: 0.93768449 | E53: =ABS(C53-D53) -> 0
A54: Sensitivity n=509 | B54: TB6 citc | C54: =Item_Analysis!G41 -> 0.24514689 | D54: 0.24514689 | E54: =ABS(C54-D54) -> 0
A55: Sensitivity n=509 | B55: TB6 alpha_if_deleted | C55: =Item_Analysis!J41 -> 0.36744632 | D55: 0.36744632 | E55: =ABS(C55-D55) -> 4.7184479e-15
A56: Sensitivity n=509 | B56: TB6 mean | C56: =Item_Analysis!C41 -> 3.0471513 | D56: 3.0471513 | E56: =ABS(C56-D56) -> 0
A57: Sensitivity n=509 | B57: TB6 sd | C57: =Item_Analysis!D41 -> 0.91020934 | D57: 0.91020934 | E57: =ABS(C57-D57) -> 0
A58: Sensitivity n=509 | B58: alpha | C58: =Reliability!C11 -> 0.43273793 | D58: 0.43273793 | E58: =ABS(C58-D58) -> 3.1641356e-15
A59: Sensitivity n=509 | B59: spearman_brown | C59: =Reliability!C16 -> 0.50752429 | D59: 0.50752429 | E59: =ABS(C59-D59) -> 0
A60: Sensitivity n=509 | B60: r_half | C60: =Reliability!C15 -> 0.34005531 | D60: 0.34005531 | E60: =ABS(C60-D60) -> 0
A61: Sensitivity n=509 | B61: guttman | C61: =Reliability!C20 -> 0.50721685 | D61: 0.50721685 | E61: =ABS(C61-D61) -> 4.4408921e-15
A62: Sensitivity n=509 | B62: alpha CI lower | C62: =Reliability!C12 -> 0.3528434 | D62: 0.3528434 | E62: =ABS(C62-D62) -> 4.1078252e-15
A63: Sensitivity n=509 | B63: alpha CI upper | C63: =Reliability!C13 -> 0.50581263 | D63: 0.50581263 | E63: =ABS(C63-D63) -> 2.220446e-15
A65: Largest absolute difference | E65: =MAX(E4:E63) -> 7.5495166e-15
A66: Excel values in this file were computed by LibreOffice (headless) and have not been opened in Microsoft Excel.

Sheet Data_Check
A1: Data checks (computed from Raw_Data)
A3: Variable | B3: Item wording | C3: N non-blank | D3: Blank | E3: Min | F3: Max | G3: Outside 1-5 | H3: n=1 | I3: n=2 | J3: n=3 | K3: n=4 | L3: n=5 | M3: Mean | N3: SD | O3: Raw_Data row | P3: Row key (Raw_Data row) | Q3: Count of identical rows
A4: TB1 | B4: I think e-cars are sleek | C4: =COUNT(Raw_Data!$AJ$2:$AJ$511) -> 510 | D4: =COUNTBLANK(Raw_Data!$AJ$2:$AJ$511) -> 0 | E4: =MIN(Raw_Data!$AJ$2:$AJ$511) -> 1 | F4: =MAX(Raw_Data!$AJ$2:$AJ$511) -> 5 | G4: =COUNT(Raw_Data!$AJ$2:$AJ$511)-COUNTIFS(Raw_Data!$AJ$2:$AJ$511,">=1",Raw_Data!$AJ$2:$AJ$511,"<=5") -> 0 | H4: =COUNTIF(Raw_Data!$AJ$2:$AJ$511,1) -> 8 | I4: =COUNTIF(Raw_Data!$AJ$2:$AJ$511,2) -> 61 | J4: =COUNTIF(Raw_Data!$AJ$2:$AJ$511,3) -> 88 | K4: =COUNTIF(Raw_Data!$AJ$2:$AJ$511,4) -> 244 | L4: =COUNTIF(Raw_Data!$AJ$2:$AJ$511,5) -> 109 | M4: =AVERAGE(Raw_Data!$AJ$2:$AJ$511) -> 3.754902 | N4: =STDEV(Raw_Data!$AJ$2:$AJ$511) -> 0.97348214 | O4: 2 | P4: =Raw_Data!A2&"|"&Raw_Data!B2&"|"&Raw_Data!C2&"|"&Raw_Data!D2&"|"&Raw_Data!E2&"|"&Raw_Data!F2&"|"&Raw_Data!G2&"|"&Raw_Data!H2&"|"&Raw_Data!I2&"|"&Raw_Data!J2&"|"&Raw_Data!K2&"|"&Raw_Data!L2&"|"&Raw_Data!M2&"|"&Raw_Data!N2&"|"&Raw_Data!O2&"|"&Raw_Data!P2&"|"&Raw_Data!Q2&"|"&Raw_Data!R2&"|"&Raw_Data!S2&"|"&Raw_Data!T2&"|"&Raw_Data!U2&"|"&Raw_Data!V2&"|"&Raw_Data!W2&"|"&Raw_Data!X2&"|"&Raw_Data!Y2&"|"&Raw_Data!Z2&"|"&Raw_Data!AA2&"|"&Raw_Data!AB2&"|"&Raw_Data!AC2&"|"&Raw_Data!AD2&"|"&Raw_Data!AE2&"|"&Raw_Data!AF2&"|"&Raw_Data!AG2&"|"&Raw_Data!AH2&"|"&Raw_Data!AI2&"|"&Raw_Data!AJ2&"|"&Raw_Data!AK2&"|"&Raw_Data!AL2&"|"&Raw_Data!AM2&"|"&Raw_Data!AN2&"|"&Raw_Data!AO2 -> 0|4|2|1|2|2|4|2|3|27|4|5|4|4|5|2|4|5|4|5|5|4|4|5|3|4|4|4|4|5|5|3|3|5|5|4|5|4|4|4|4 | Q4: =COUNTIF($P$4:$P$513,P4) -> 1
A5: TB2 | B5: I think e-cars are durable | C5: =COUNT(Raw_Data!$AK$2:$AK$511) -> 510 | D5: =COUNTBLANK(Raw_Data!$AK$2:$AK$511) -> 0 | E5: =MIN(Raw_Data!$AK$2:$AK$511) -> 1 | F5: =MAX(Raw_Data!$AK$2:$AK$511) -> 5 | G5: =COUNT(Raw_Data!$AK$2:$AK$511)-COUNTIFS(Raw_Data!$AK$2:$AK$511,">=1",Raw_Data!$AK$2:$AK$511,"<=5") -> 0 | H5: =COUNTIF(Raw_Data!$AK$2:$AK$511,1) -> 23 | I5: =COUNTIF(Raw_Data!$AK$2:$AK$511,2) -> 136 | J5: =COUNTIF(Raw_Data!$AK$2:$AK$511,3) -> 174 | K5: =COUNTIF(Raw_Data!$AK$2:$AK$511,4) -> 137 | L5: =COUNTIF(Raw_Data!$AK$2:$AK$511,5) -> 40 | M5: =AVERAGE(Raw_Data!$AK$2:$AK$511) -> 3.0686275 | N5: =STDEV(Raw_Data!$AK$2:$AK$511) -> 1.0132696 | O5: 3 | P5: =Raw_Data!A3&"|"&Raw_Data!B3&"|"&Raw_Data!C3&"|"&Raw_Data!D3&"|"&Raw_Data!E3&"|"&Raw_Data!F3&"|"&Raw_Data!G3&"|"&Raw_Data!H3&"|"&Raw_Data!I3&"|"&Raw_Data!J3&"|"&Raw_Data!K3&"|"&Raw_Data!L3&"|"&Raw_Data!M3&"|"&Raw_Data!N3&"|"&Raw_Data!O3&"|"&Raw_Data!P3&"|"&Raw_Data!Q3&"|"&Raw_Data!R3&"|"&Raw_Data!S3&"|"&Raw_Data!T3&"|"&Raw_Data!U3&"|"&Raw_Data!V3&"|"&Raw_Data!W3&"|"&Raw_Data!X3&"|"&Raw_Data!Y3&"|"&Raw_Data!Z3&"|"&Raw_Data!AA3&"|"&Raw_Data!AB3&"|"&Raw_Data!AC3&"|"&Raw_Data!AD3&"|"&Raw_Data!AE3&"|"&Raw_Data!AF3&"|"&Raw_Data!AG3&"|"&Raw_Data!AH3&"|"&Raw_Data!AI3&"|"&Raw_Data!AJ3&"|"&Raw_Data!AK3&"|"&Raw_Data!AL3&"|"&Raw_Data!AM3&"|"&Raw_Data!AN3&"|"&Raw_Data!AO3 -> 0|4|1|1|2|2|3|2|1|22|2|3|4|3|5|4|4|2|5|5|5|4|3|4|5|4|3|2|1|1|4|4|3|4|3|4|1|5|3|2|3 | Q5: =COUNTIF($P$4:$P$513,P5) -> 1
A6: TB3 | B6: I think e-cars are available in different size, colours and designs | C6: =COUNT(Raw_Data!$AL$2:$AL$511) -> 510 | D6: =COUNTBLANK(Raw_Data!$AL$2:$AL$511) -> 0 | E6: =MIN(Raw_Data!$AL$2:$AL$511) -> 1 | F6: =MAX(Raw_Data!$AL$2:$AL$511) -> 5 | G6: =COUNT(Raw_Data!$AL$2:$AL$511)-COUNTIFS(Raw_Data!$AL$2:$AL$511,">=1",Raw_Data!$AL$2:$AL$511,"<=5") -> 0 | H6: =COUNTIF(Raw_Data!$AL$2:$AL$511,1) -> 4 | I6: =COUNTIF(Raw_Data!$AL$2:$AL$511,2) -> 24 | J6: =COUNTIF(Raw_Data!$AL$2:$AL$511,3) -> 86 | K6: =COUNTIF(Raw_Data!$AL$2:$AL$511,4) -> 224 | L6: =COUNTIF(Raw_Data!$AL$2:$AL$511,5) -> 172 | M6: =AVERAGE(Raw_Data!$AL$2:$AL$511) -> 4.0509804 | N6: =STDEV(Raw_Data!$AL$2:$AL$511) -> 0.87384446 | O6: 4 | P6: =Raw_Data!A4&"|"&Raw_Data!B4&"|"&Raw_Data!C4&"|"&Raw_Data!D4&"|"&Raw_Data!E4&"|"&Raw_Data!F4&"|"&Raw_Data!G4&"|"&Raw_Data!H4&"|"&Raw_Data!I4&"|"&Raw_Data!J4&"|"&Raw_Data!K4&"|"&Raw_Data!L4&"|"&Raw_Data!M4&"|"&Raw_Data!N4&"|"&Raw_Data!O4&"|"&Raw_Data!P4&"|"&Raw_Data!Q4&"|"&Raw_Data!R4&"|"&Raw_Data!S4&"|"&Raw_Data!T4&"|"&Raw_Data!U4&"|"&Raw_Data!V4&"|"&Raw_Data!W4&"|"&Raw_Data!X4&"|"&Raw_Data!Y4&"|"&Raw_Data!Z4&"|"&Raw_Data!AA4&"|"&Raw_Data!AB4&"|"&Raw_Data!AC4&"|"&Raw_Data!AD4&"|"&Raw_Data!AE4&"|"&Raw_Data!AF4&"|"&Raw_Data!AG4&"|"&Raw_Data!AH4&"|"&Raw_Data!AI4&"|"&Raw_Data!AJ4&"|"&Raw_Data!AK4&"|"&Raw_Data!AL4&"|"&Raw_Data!AM4&"|"&Raw_Data!AN4&"|"&Raw_Data!AO4 -> 1|1|1|1|2|2|3|2|3|27|3|3|3|3|4|3|2|4|4|4|3|4|5|4|4|4|4|2|2|2|3|2|4|4|4|4|3|4|4|3|3 | Q6: =COUNTIF($P$4:$P$513,P6) -> 1
A7: TB4 | B7: I think e-cars are aesthetically appealing | C7: =COUNT(Raw_Data!$AM$2:$AM$511) -> 510 | D7: =COUNTBLANK(Raw_Data!$AM$2:$AM$511) -> 0 | E7: =MIN(Raw_Data!$AM$2:$AM$511) -> 1 | F7: =MAX(Raw_Data!$AM$2:$AM$511) -> 5 | G7: =COUNT(Raw_Data!$AM$2:$AM$511)-COUNTIFS(Raw_Data!$AM$2:$AM$511,">=1",Raw_Data!$AM$2:$AM$511,"<=5") -> 0 | H7: =COUNTIF(Raw_Data!$AM$2:$AM$511,1) -> 5 | I7: =COUNTIF(Raw_Data!$AM$2:$AM$511,2) -> 53 | J7: =COUNTIF(Raw_Data!$AM$2:$AM$511,3) -> 254 | K7: =COUNTIF(Raw_Data!$AM$2:$AM$511,4) -> 160 | L7: =COUNTIF(Raw_Data!$AM$2:$AM$511,5) -> 38 | M7: =AVERAGE(Raw_Data!$AM$2:$AM$511) -> 3.3392157 | N7: =STDEV(Raw_Data!$AM$2:$AM$511) -> 0.80068204 | O7: 5 | P7: =Raw_Data!A5&"|"&Raw_Data!B5&"|"&Raw_Data!C5&"|"&Raw_Data!D5&"|"&Raw_Data!E5&"|"&Raw_Data!F5&"|"&Raw_Data!G5&"|"&Raw_Data!H5&"|"&Raw_Data!I5&"|"&Raw_Data!J5&"|"&Raw_Data!K5&"|"&Raw_Data!L5&"|"&Raw_Data!M5&"|"&Raw_Data!N5&"|"&Raw_Data!O5&"|"&Raw_Data!P5&"|"&Raw_Data!Q5&"|"&Raw_Data!R5&"|"&Raw_Data!S5&"|"&Raw_Data!T5&"|"&Raw_Data!U5&"|"&Raw_Data!V5&"|"&Raw_Data!W5&"|"&Raw_Data!X5&"|"&Raw_Data!Y5&"|"&Raw_Data!Z5&"|"&Raw_Data!AA5&"|"&Raw_Data!AB5&"|"&Raw_Data!AC5&"|"&Raw_Data!AD5&"|"&Raw_Data!AE5&"|"&Raw_Data!AF5&"|"&Raw_Data!AG5&"|"&Raw_Data!AH5&"|"&Raw_Data!AI5&"|"&Raw_Data!AJ5&"|"&Raw_Data!AK5&"|"&Raw_Data!AL5&"|"&Raw_Data!AM5&"|"&Raw_Data!AN5&"|"&Raw_Data!AO5 -> 0|4|1|1|2|2|2|3|2|24|3|4|2|2|3|2|4|2|4|4|5|4|4|4|3|3|4|4|2|2|4|3|4|4|4|4|3|4|3|2|2 | Q7: =COUNTIF($P$4:$P$513,P7) -> 1
A8: TB5 | B8: I think e-cars are technologically superior | C8: =COUNT(Raw_Data!$AN$2:$AN$511) -> 510 | D8: =COUNTBLANK(Raw_Data!$AN$2:$AN$511) -> 0 | E8: =MIN(Raw_Data!$AN$2:$AN$511) -> 1 | F8: =MAX(Raw_Data!$AN$2:$AN$511) -> 5 | G8: =COUNT(Raw_Data!$AN$2:$AN$511)-COUNTIFS(Raw_Data!$AN$2:$AN$511,">=1",Raw_Data!$AN$2:$AN$511,"<=5") -> 0 | H8: =COUNTIF(Raw_Data!$AN$2:$AN$511,1) -> 33 | I8: =COUNTIF(Raw_Data!$AN$2:$AN$511,2) -> 138 | J8: =COUNTIF(Raw_Data!$AN$2:$AN$511,3) -> 196 | K8: =COUNTIF(Raw_Data!$AN$2:$AN$511,4) -> 130 | L8: =COUNTIF(Raw_Data!$AN$2:$AN$511,5) -> 13 | M8: =AVERAGE(Raw_Data!$AN$2:$AN$511) -> 2.9058824 | N8: =STDEV(Raw_Data!$AN$2:$AN$511) -> 0.93762476 | O8: 6 | P8: =Raw_Data!A6&"|"&Raw_Data!B6&"|"&Raw_Data!C6&"|"&Raw_Data!D6&"|"&Raw_Data!E6&"|"&Raw_Data!F6&"|"&Raw_Data!G6&"|"&Raw_Data!H6&"|"&Raw_Data!I6&"|"&Raw_Data!J6&"|"&Raw_Data!K6&"|"&Raw_Data!L6&"|"&Raw_Data!M6&"|"&Raw_Data!N6&"|"&Raw_Data!O6&"|"&Raw_Data!P6&"|"&Raw_Data!Q6&"|"&Raw_Data!R6&"|"&Raw_Data!S6&"|"&Raw_Data!T6&"|"&Raw_Data!U6&"|"&Raw_Data!V6&"|"&Raw_Data!W6&"|"&Raw_Data!X6&"|"&Raw_Data!Y6&"|"&Raw_Data!Z6&"|"&Raw_Data!AA6&"|"&Raw_Data!AB6&"|"&Raw_Data!AC6&"|"&Raw_Data!AD6&"|"&Raw_Data!AE6&"|"&Raw_Data!AF6&"|"&Raw_Data!AG6&"|"&Raw_Data!AH6&"|"&Raw_Data!AI6&"|"&Raw_Data!AJ6&"|"&Raw_Data!AK6&"|"&Raw_Data!AL6&"|"&Raw_Data!AM6&"|"&Raw_Data!AN6&"|"&Raw_Data!AO6 -> 1|4|1|2|2|2|4|2|3|24|3|4|4|3|5|2|3|4|5|5|5|3|3|4|1|4|3|3|1|1|4|3|4|3|3|3|5|5|4|4|4 | Q8: =COUNTIF($P$4:$P$513,P8) -> 1
A9: TB6 | B9: I think e-cars give comfortable ride | C9: =COUNT(Raw_Data!$AO$2:$AO$511) -> 510 | D9: =COUNTBLANK(Raw_Data!$AO$2:$AO$511) -> 0 | E9: =MIN(Raw_Data!$AO$2:$AO$511) -> 1 | F9: =MAX(Raw_Data!$AO$2:$AO$511) -> 5 | G9: =COUNT(Raw_Data!$AO$2:$AO$511)-COUNTIFS(Raw_Data!$AO$2:$AO$511,">=1",Raw_Data!$AO$2:$AO$511,"<=5") -> 0 | H9: =COUNTIF(Raw_Data!$AO$2:$AO$511,1) -> 20 | I9: =COUNTIF(Raw_Data!$AO$2:$AO$511,2) -> 116 | J9: =COUNTIF(Raw_Data!$AO$2:$AO$511,3) -> 217 | K9: =COUNTIF(Raw_Data!$AO$2:$AO$511,4) -> 134 | L9: =COUNTIF(Raw_Data!$AO$2:$AO$511,5) -> 23 | M9: =AVERAGE(Raw_Data!$AO$2:$AO$511) -> 3.0470588 | N9: =STDEV(Raw_Data!$AO$2:$AO$511) -> 0.90931718 | O9: 7 | P9: =Raw_Data!A7&"|"&Raw_Data!B7&"|"&Raw_Data!C7&"|"&Raw_Data!D7&"|"&Raw_Data!E7&"|"&Raw_Data!F7&"|"&Raw_Data!G7&"|"&Raw_Data!H7&"|"&Raw_Data!I7&"|"&Raw_Data!J7&"|"&Raw_Data!K7&"|"&Raw_Data!L7&"|"&Raw_Data!M7&"|"&Raw_Data!N7&"|"&Raw_Data!O7&"|"&Raw_Data!P7&"|"&Raw_Data!Q7&"|"&Raw_Data!R7&"|"&Raw_Data!S7&"|"&Raw_Data!T7&"|"&Raw_Data!U7&"|"&Raw_Data!V7&"|"&Raw_Data!W7&"|"&Raw_Data!X7&"|"&Raw_Data!Y7&"|"&Raw_Data!Z7&"|"&Raw_Data!AA7&"|"&Raw_Data!AB7&"|"&Raw_Data!AC7&"|"&Raw_Data!AD7&"|"&Raw_Data!AE7&"|"&Raw_Data!AF7&"|"&Raw_Data!AG7&"|"&Raw_Data!AH7&"|"&Raw_Data!AI7&"|"&Raw_Data!AJ7&"|"&Raw_Data!AK7&"|"&Raw_Data!AL7&"|"&Raw_Data!AM7&"|"&Raw_Data!AN7&"|"&Raw_Data!AO7 -> 0|4|1|1|2|2|4|2|1|23|3|5|4|4|5|4|4|5|3|5|5|4|4|5|2|4|4|4|4|4|5|3|4|4|5|3|5|3|3|4|3 | Q9: =COUNTIF($P$4:$P$513,P9) -> 1
O10: 8 | P10: =Raw_Data!A8&"|"&Raw_Data!B8&"|"&Raw_Data!C8&"|"&Raw_Data!D8&"|"&Raw_Data!E8&"|"&Raw_Data!F8&"|"&Raw_Data!G8&"|"&Raw_Data!H8&"|"&Raw_Data!I8&"|"&Raw_Data!J8&"|"&Raw_Data!K8&"|"&Raw_Data!L8&"|"&Raw_Data!M8&"|"&Raw_Data!N8&"|"&Raw_Data!O8&"|"&Raw_Data!P8&"|"&Raw_Data!Q8&"|"&Raw_Data!R8&"|"&Raw_Data!S8&"|"&Raw_Data!T8&"|"&Raw_Data!U8&"|"&Raw_Data!V8&"|"&Raw_Data!W8&"|"&Raw_Data!X8&"|"&Raw_Data!Y8&"|"&Raw_Data!Z8&"|"&Raw_Data!AA8&"|"&Raw_Data!AB8&"|"&Raw_Data!AC8&"|"&Raw_Data!AD8&"|"&Raw_Data!AE8&"|"&Raw_Data!AF8&"|"&Raw_Data!AG8&"|"&Raw_Data!AH8&"|"&Raw_Data!AI8&"|"&Raw_Data!AJ8&"|"&Raw_Data!AK8&"|"&Raw_Data!AL8&"|"&Raw_Data!AM8&"|"&Raw_Data!AN8&"|"&Raw_Data!AO8 -> 1|6|1|1|2|2|3|1|1|21|3|4|4|4|3|2|3|3|4|4|4|3|4|4|2|4|4|4|2|2|4|4|4|2|3|4|2|5|3|3|3 | Q10: =COUNTIF($P$4:$P$513,P10) -> 1
A11: All 31 Likert items (CC1:TB6) | O11: 9 | P11: =Raw_Data!A9&"|"&Raw_Data!B9&"|"&Raw_Data!C9&"|"&Raw_Data!D9&"|"&Raw_Data!E9&"|"&Raw_Data!F9&"|"&Raw_Data!G9&"|"&Raw_Data!H9&"|"&Raw_Data!I9&"|"&Raw_Data!J9&"|"&Raw_Data!K9&"|"&Raw_Data!L9&"|"&Raw_Data!M9&"|"&Raw_Data!N9&"|"&Raw_Data!O9&"|"&Raw_Data!P9&"|"&Raw_Data!Q9&"|"&Raw_Data!R9&"|"&Raw_Data!S9&"|"&Raw_Data!T9&"|"&Raw_Data!U9&"|"&Raw_Data!V9&"|"&Raw_Data!W9&"|"&Raw_Data!X9&"|"&Raw_Data!Y9&"|"&Raw_Data!Z9&"|"&Raw_Data!AA9&"|"&Raw_Data!AB9&"|"&Raw_Data!AC9&"|"&Raw_Data!AD9&"|"&Raw_Data!AE9&"|"&Raw_Data!AF9&"|"&Raw_Data!AG9&"|"&Raw_Data!AH9&"|"&Raw_Data!AI9&"|"&Raw_Data!AJ9&"|"&Raw_Data!AK9&"|"&Raw_Data!AL9&"|"&Raw_Data!AM9&"|"&Raw_Data!AN9&"|"&Raw_Data!AO9 -> |1|1|1|2|2|1|2|1|23|2|2|4|3|4|4|4|2|4|5|4|3|4|4|4|4|4|4|2|3|3|3|3|3|2|3|4|4|4|2|4 | Q11: =COUNTIF($P$4:$P$513,P11) -> 1
A12: Cells | C12: =ROWS(Raw_Data!$K$2:$AO$511)*COLUMNS(Raw_Data!$K$2:$AO$511) -> 15810 | O12: 10 | P12: =Raw_Data!A10&"|"&Raw_Data!B10&"|"&Raw_Data!C10&"|"&Raw_Data!D10&"|"&Raw_Data!E10&"|"&Raw_Data!F10&"|"&Raw_Data!G10&"|"&Raw_Data!H10&"|"&Raw_Data!I10&"|"&Raw_Data!J10&"|"&Raw_Data!K10&"|"&Raw_Data!L10&"|"&Raw_Data!M10&"|"&Raw_Data!N10&"|"&Raw_Data!O10&"|"&Raw_Data!P10&"|"&Raw_Data!Q10&"|"&Raw_Data!R10&"|"&Raw_Data!S10&"|"&Raw_Data!T10&"|"&Raw_Data!U10&"|"&Raw_Data!V10&"|"&Raw_Data!W10&"|"&Raw_Data!X10&"|"&Raw_Data!Y10&"|"&Raw_Data!Z10&"|"&Raw_Data!AA10&"|"&Raw_Data!AB10&"|"&Raw_Data!AC10&"|"&Raw_Data!AD10&"|"&Raw_Data!AE10&"|"&Raw_Data!AF10&"|"&Raw_Data!AG10&"|"&Raw_Data!AH10&"|"&Raw_Data!AI10&"|"&Raw_Data!AJ10&"|"&Raw_Data!AK10&"|"&Raw_Data!AL10&"|"&Raw_Data!AM10&"|"&Raw_Data!AN10&"|"&Raw_Data!AO10 -> 1|4|2|2|2|2|3|2|1|22|3|2|3|4|4|4|3|2|4|5|5|3|5|3|4|5|4|2|2|3|3|4|4|4|4|4|5|4|4|3|3 | Q12: =COUNTIF($P$4:$P$513,P12) -> 1
A13: Blank cells | C13: =COUNTBLANK(Raw_Data!$K$2:$AO$511) -> 0 | O13: 11 | P13: =Raw_Data!A11&"|"&Raw_Data!B11&"|"&Raw_Data!C11&"|"&Raw_Data!D11&"|"&Raw_Data!E11&"|"&Raw_Data!F11&"|"&Raw_Data!G11&"|"&Raw_Data!H11&"|"&Raw_Data!I11&"|"&Raw_Data!J11&"|"&Raw_Data!K11&"|"&Raw_Data!L11&"|"&Raw_Data!M11&"|"&Raw_Data!N11&"|"&Raw_Data!O11&"|"&Raw_Data!P11&"|"&Raw_Data!Q11&"|"&Raw_Data!R11&"|"&Raw_Data!S11&"|"&Raw_Data!T11&"|"&Raw_Data!U11&"|"&Raw_Data!V11&"|"&Raw_Data!W11&"|"&Raw_Data!X11&"|"&Raw_Data!Y11&"|"&Raw_Data!Z11&"|"&Raw_Data!AA11&"|"&Raw_Data!AB11&"|"&Raw_Data!AC11&"|"&Raw_Data!AD11&"|"&Raw_Data!AE11&"|"&Raw_Data!AF11&"|"&Raw_Data!AG11&"|"&Raw_Data!AH11&"|"&Raw_Data!AI11&"|"&Raw_Data!AJ11&"|"&Raw_Data!AK11&"|"&Raw_Data!AL11&"|"&Raw_Data!AM11&"|"&Raw_Data!AN11&"|"&Raw_Data!AO11 -> 1|3|2|2|2|2|1|1|1|23|4|4|4|5|3|2|3|3|4|5|2|4|5|3|3|3|4|3|2|2|2|2|2|4|4|4|3|3|3|3|3 | Q13: =COUNTIF($P$4:$P$513,P13) -> 1
A14: Cells outside 1-5 | C14: =COUNT(Raw_Data!$K$2:$AO$511)-COUNTIFS(Raw_Data!$K$2:$AO$511,">=1",Raw_Data!$K$2:$AO$511,"<=5") -> 0 | O14: 12 | P14: =Raw_Data!A12&"|"&Raw_Data!B12&"|"&Raw_Data!C12&"|"&Raw_Data!D12&"|"&Raw_Data!E12&"|"&Raw_Data!F12&"|"&Raw_Data!G12&"|"&Raw_Data!H12&"|"&Raw_Data!I12&"|"&Raw_Data!J12&"|"&Raw_Data!K12&"|"&Raw_Data!L12&"|"&Raw_Data!M12&"|"&Raw_Data!N12&"|"&Raw_Data!O12&"|"&Raw_Data!P12&"|"&Raw_Data!Q12&"|"&Raw_Data!R12&"|"&Raw_Data!S12&"|"&Raw_Data!T12&"|"&Raw_Data!U12&"|"&Raw_Data!V12&"|"&Raw_Data!W12&"|"&Raw_Data!X12&"|"&Raw_Data!Y12&"|"&Raw_Data!Z12&"|"&Raw_Data!AA12&"|"&Raw_Data!AB12&"|"&Raw_Data!AC12&"|"&Raw_Data!AD12&"|"&Raw_Data!AE12&"|"&Raw_Data!AF12&"|"&Raw_Data!AG12&"|"&Raw_Data!AH12&"|"&Raw_Data!AI12&"|"&Raw_Data!AJ12&"|"&Raw_Data!AK12&"|"&Raw_Data!AL12&"|"&Raw_Data!AM12&"|"&Raw_Data!AN12&"|"&Raw_Data!AO12 -> 1|4|1|1|2|2|3|2|2|25|4|5|5|5|5|4|4|4|5|5|5|2|4|4|3|4|4|4|1|1|5|4|4|4|4|4|4|5|4|3|2 | Q14: =COUNTIF($P$4:$P$513,P14) -> 1
A15: Data rows | C15: =COUNTA(Raw_Data!$J$2:$J$511) -> 510 | O15: 13 | P15: =Raw_Data!A13&"|"&Raw_Data!B13&"|"&Raw_Data!C13&"|"&Raw_Data!D13&"|"&Raw_Data!E13&"|"&Raw_Data!F13&"|"&Raw_Data!G13&"|"&Raw_Data!H13&"|"&Raw_Data!I13&"|"&Raw_Data!J13&"|"&Raw_Data!K13&"|"&Raw_Data!L13&"|"&Raw_Data!M13&"|"&Raw_Data!N13&"|"&Raw_Data!O13&"|"&Raw_Data!P13&"|"&Raw_Data!Q13&"|"&Raw_Data!R13&"|"&Raw_Data!S13&"|"&Raw_Data!T13&"|"&Raw_Data!U13&"|"&Raw_Data!V13&"|"&Raw_Data!W13&"|"&Raw_Data!X13&"|"&Raw_Data!Y13&"|"&Raw_Data!Z13&"|"&Raw_Data!AA13&"|"&Raw_Data!AB13&"|"&Raw_Data!AC13&"|"&Raw_Data!AD13&"|"&Raw_Data!AE13&"|"&Raw_Data!AF13&"|"&Raw_Data!AG13&"|"&Raw_Data!AH13&"|"&Raw_Data!AI13&"|"&Raw_Data!AJ13&"|"&Raw_Data!AK13&"|"&Raw_Data!AL13&"|"&Raw_Data!AM13&"|"&Raw_Data!AN13&"|"&Raw_Data!AO13 -> 0|4|1|1|2|2|3|2|3|27|3|2|4|3|3|4|3|2|4|5|4|2|3|2|2|3|4|1|1|2|3|2|4|4|4|2|4|5|2|1|2 | Q15: =COUNTIF($P$4:$P$513,P15) -> 1
O16: 14 | P16: =Raw_Data!A14&"|"&Raw_Data!B14&"|"&Raw_Data!C14&"|"&Raw_Data!D14&"|"&Raw_Data!E14&"|"&Raw_Data!F14&"|"&Raw_Data!G14&"|"&Raw_Data!H14&"|"&Raw_Data!I14&"|"&Raw_Data!J14&"|"&Raw_Data!K14&"|"&Raw_Data!L14&"|"&Raw_Data!M14&"|"&Raw_Data!N14&"|"&Raw_Data!O14&"|"&Raw_Data!P14&"|"&Raw_Data!Q14&"|"&Raw_Data!R14&"|"&Raw_Data!S14&"|"&Raw_Data!T14&"|"&Raw_Data!U14&"|"&Raw_Data!V14&"|"&Raw_Data!W14&"|"&Raw_Data!X14&"|"&Raw_Data!Y14&"|"&Raw_Data!Z14&"|"&Raw_Data!AA14&"|"&Raw_Data!AB14&"|"&Raw_Data!AC14&"|"&Raw_Data!AD14&"|"&Raw_Data!AE14&"|"&Raw_Data!AF14&"|"&Raw_Data!AG14&"|"&Raw_Data!AH14&"|"&Raw_Data!AI14&"|"&Raw_Data!AJ14&"|"&Raw_Data!AK14&"|"&Raw_Data!AL14&"|"&Raw_Data!AM14&"|"&Raw_Data!AN14&"|"&Raw_Data!AO14 -> |1|1|2|2|2|1|2|1|23|3|4|4|4|4|4|4|5|4|5|5|4|4|4|4|5|5|4|2|2|4|3|4|3|4|3|4|4|3|4|3 | Q16: =COUNTIF($P$4:$P$513,P16) -> 1
A17: Duplicate rows (all 41 variables identical) | O17: 15 | P17: =Raw_Data!A15&"|"&Raw_Data!B15&"|"&Raw_Data!C15&"|"&Raw_Data!D15&"|"&Raw_Data!E15&"|"&Raw_Data!F15&"|"&Raw_Data!G15&"|"&Raw_Data!H15&"|"&Raw_Data!I15&"|"&Raw_Data!J15&"|"&Raw_Data!K15&"|"&Raw_Data!L15&"|"&Raw_Data!M15&"|"&Raw_Data!N15&"|"&Raw_Data!O15&"|"&Raw_Data!P15&"|"&Raw_Data!Q15&"|"&Raw_Data!R15&"|"&Raw_Data!S15&"|"&Raw_Data!T15&"|"&Raw_Data!U15&"|"&Raw_Data!V15&"|"&Raw_Data!W15&"|"&Raw_Data!X15&"|"&Raw_Data!Y15&"|"&Raw_Data!Z15&"|"&Raw_Data!AA15&"|"&Raw_Data!AB15&"|"&Raw_Data!AC15&"|"&Raw_Data!AD15&"|"&Raw_Data!AE15&"|"&Raw_Data!AF15&"|"&Raw_Data!AG15&"|"&Raw_Data!AH15&"|"&Raw_Data!AI15&"|"&Raw_Data!AJ15&"|"&Raw_Data!AK15&"|"&Raw_Data!AL15&"|"&Raw_Data!AM15&"|"&Raw_Data!AN15&"|"&Raw_Data!AO15 -> 0|3|1|1|2|2|3|3|2|24|3|4|3|4|5|3|3|4|5|5|5|3|4|4|5|4|3|4|1|3|5|5|5|3|5|5|3|5|4|4|4 | Q17: =COUNTIF($P$4:$P$513,P17) -> 1
A18: Rows that have an identical twin | C18: =COUNTIF($Q$4:$Q$513,">1") -> 2 | O18: 16 | P18: =Raw_Data!A16&"|"&Raw_Data!B16&"|"&Raw_Data!C16&"|"&Raw_Data!D16&"|"&Raw_Data!E16&"|"&Raw_Data!F16&"|"&Raw_Data!G16&"|"&Raw_Data!H16&"|"&Raw_Data!I16&"|"&Raw_Data!J16&"|"&Raw_Data!K16&"|"&Raw_Data!L16&"|"&Raw_Data!M16&"|"&Raw_Data!N16&"|"&Raw_Data!O16&"|"&Raw_Data!P16&"|"&Raw_Data!Q16&"|"&Raw_Data!R16&"|"&Raw_Data!S16&"|"&Raw_Data!T16&"|"&Raw_Data!U16&"|"&Raw_Data!V16&"|"&Raw_Data!W16&"|"&Raw_Data!X16&"|"&Raw_Data!Y16&"|"&Raw_Data!Z16&"|"&Raw_Data!AA16&"|"&Raw_Data!AB16&"|"&Raw_Data!AC16&"|"&Raw_Data!AD16&"|"&Raw_Data!AE16&"|"&Raw_Data!AF16&"|"&Raw_Data!AG16&"|"&Raw_Data!AH16&"|"&Raw_Data!AI16&"|"&Raw_Data!AJ16&"|"&Raw_Data!AK16&"|"&Raw_Data!AL16&"|"&Raw_Data!AM16&"|"&Raw_Data!AN16&"|"&Raw_Data!AO16 -> 0|2|2|1|2|2|3|2|3|23|3|4|4|3|4|3|3|3|4|4|5|3|5|4|3|4|2|2|3|3|4|3|4|4|4|4|4|4|3|3|3 | Q18: =COUNTIF($P$4:$P$513,P18) -> 1
A19: Raw_Data rows involved | C19: 142 and 139 (data rows 141 and 138); see column Q | O19: 17 | P19: =Raw_Data!A17&"|"&Raw_Data!B17&"|"&Raw_Data!C17&"|"&Raw_Data!D17&"|"&Raw_Data!E17&"|"&Raw_Data!F17&"|"&Raw_Data!G17&"|"&Raw_Data!H17&"|"&Raw_Data!I17&"|"&Raw_Data!J17&"|"&Raw_Data!K17&"|"&Raw_Data!L17&"|"&Raw_Data!M17&"|"&Raw_Data!N17&"|"&Raw_Data!O17&"|"&Raw_Data!P17&"|"&Raw_Data!Q17&"|"&Raw_Data!R17&"|"&Raw_Data!S17&"|"&Raw_Data!T17&"|"&Raw_Data!U17&"|"&Raw_Data!V17&"|"&Raw_Data!W17&"|"&Raw_Data!X17&"|"&Raw_Data!Y17&"|"&Raw_Data!Z17&"|"&Raw_Data!AA17&"|"&Raw_Data!AB17&"|"&Raw_Data!AC17&"|"&Raw_Data!AD17&"|"&Raw_Data!AE17&"|"&Raw_Data!AF17&"|"&Raw_Data!AG17&"|"&Raw_Data!AH17&"|"&Raw_Data!AI17&"|"&Raw_Data!AJ17&"|"&Raw_Data!AK17&"|"&Raw_Data!AL17&"|"&Raw_Data!AM17&"|"&Raw_Data!AN17&"|"&Raw_Data!AO17 -> |3|1|2|1|2|2|2|1|22|3|2|5|3|4|2|4|4|5|4|4|4|4|2|2|4|3|2|4|4|4|4|4|4|2|5|4|4|4|4|3 | Q19: =COUNTIF($P$4:$P$513,P19) -> 1
A20: Age outside 18-35 (count) | C20: =COUNTIF(Raw_Data!$J$2:$J$511,"<18")+COUNTIF(Raw_Data!$J$2:$J$511,">35") -> 1 | O20: 18 | P20: =Raw_Data!A18&"|"&Raw_Data!B18&"|"&Raw_Data!C18&"|"&Raw_Data!D18&"|"&Raw_Data!E18&"|"&Raw_Data!F18&"|"&Raw_Data!G18&"|"&Raw_Data!H18&"|"&Raw_Data!I18&"|"&Raw_Data!J18&"|"&Raw_Data!K18&"|"&Raw_Data!L18&"|"&Raw_Data!M18&"|"&Raw_Data!N18&"|"&Raw_Data!O18&"|"&Raw_Data!P18&"|"&Raw_Data!Q18&"|"&Raw_Data!R18&"|"&Raw_Data!S18&"|"&Raw_Data!T18&"|"&Raw_Data!U18&"|"&Raw_Data!V18&"|"&Raw_Data!W18&"|"&Raw_Data!X18&"|"&Raw_Data!Y18&"|"&Raw_Data!Z18&"|"&Raw_Data!AA18&"|"&Raw_Data!AB18&"|"&Raw_Data!AC18&"|"&Raw_Data!AD18&"|"&Raw_Data!AE18&"|"&Raw_Data!AF18&"|"&Raw_Data!AG18&"|"&Raw_Data!AH18&"|"&Raw_Data!AI18&"|"&Raw_Data!AJ18&"|"&Raw_Data!AK18&"|"&Raw_Data!AL18&"|"&Raw_Data!AM18&"|"&Raw_Data!AN18&"|"&Raw_Data!AO18 -> 0|4|2|1|2|2|2|2|3|24|3|4|2|2|4|2|2|3|3|5|4|3|4|5|4|4|2|2|2|2|4|3|3|4|4|1|2|4|4|3|3 | Q20: =COUNTIF($P$4:$P$513,P20) -> 1
A21: Note: Age and the demographic coding issues do not enter the TB analysis. | O21: 19 | P21: =Raw_Data!A19&"|"&Raw_Data!B19&"|"&Raw_Data!C19&"|"&Raw_Data!D19&"|"&Raw_Data!E19&"|"&Raw_Data!F19&"|"&Raw_Data!G19&"|"&Raw_Data!H19&"|"&Raw_Data!I19&"|"&Raw_Data!J19&"|"&Raw_Data!K19&"|"&Raw_Data!L19&"|"&Raw_Data!M19&"|"&Raw_Data!N19&"|"&Raw_Data!O19&"|"&Raw_Data!P19&"|"&Raw_Data!Q19&"|"&Raw_Data!R19&"|"&Raw_Data!S19&"|"&Raw_Data!T19&"|"&Raw_Data!U19&"|"&Raw_Data!V19&"|"&Raw_Data!W19&"|"&Raw_Data!X19&"|"&Raw_Data!Y19&"|"&Raw_Data!Z19&"|"&Raw_Data!AA19&"|"&Raw_Data!AB19&"|"&Raw_Data!AC19&"|"&Raw_Data!AD19&"|"&Raw_Data!AE19&"|"&Raw_Data!AF19&"|"&Raw_Data!AG19&"|"&Raw_Data!AH19&"|"&Raw_Data!AI19&"|"&Raw_Data!AJ19&"|"&Raw_Data!AK19&"|"&Raw_Data!AL19&"|"&Raw_Data!AM19&"|"&Raw_Data!AN19&"|"&Raw_Data!AO19 -> 0|4|1|1|2|2|3|3|3|24|4|2|4|4|4|3|3|3|3|3|4|4|4|4|3|3|5|3|1|2|3|4|4|3|2|5|2|5|3|3|4 | Q21: =COUNTIF($P$4:$P$513,P21) -> 1
O22: 20 | P22: =Raw_Data!A20&"|"&Raw_Data!B20&"|"&Raw_Data!C20&"|"&Raw_Data!D20&"|"&Raw_Data!E20&"|"&Raw_Data!F20&"|"&Raw_Data!G20&"|"&Raw_Data!H20&"|"&Raw_Data!I20&"|"&Raw_Data!J20&"|"&Raw_Data!K20&"|"&Raw_Data!L20&"|"&Raw_Data!M20&"|"&Raw_Data!N20&"|"&Raw_Data!O20&"|"&Raw_Data!P20&"|"&Raw_Data!Q20&"|"&Raw_Data!R20&"|"&Raw_Data!S20&"|"&Raw_Data!T20&"|"&Raw_Data!U20&"|"&Raw_Data!V20&"|"&Raw_Data!W20&"|"&Raw_Data!X20&"|"&Raw_Data!Y20&"|"&Raw_Data!Z20&"|"&Raw_Data!AA20&"|"&Raw_Data!AB20&"|"&Raw_Data!AC20&"|"&Raw_Data!AD20&"|"&Raw_Data!AE20&"|"&Raw_Data!AF20&"|"&Raw_Data!AG20&"|"&Raw_Data!AH20&"|"&Raw_Data!AI20&"|"&Raw_Data!AJ20&"|"&Raw_Data!AK20&"|"&Raw_Data!AL20&"|"&Raw_Data!AM20&"|"&Raw_Data!AN20&"|"&Raw_Data!AO20 -> 0|4|1|2|2|2|4|2|3|23|3|3|4|3|4|1|4|3|4|5|4|4|4|4|3|4|4|2|2|3|3|3|4|3|2|4|4|2|3|3|3 | Q22: =COUNTIF($P$4:$P$513,P22) -> 1
O23: 21 | P23: =Raw_Data!A21&"|"&Raw_Data!B21&"|"&Raw_Data!C21&"|"&Raw_Data!D21&"|"&Raw_Data!E21&"|"&Raw_Data!F21&"|"&Raw_Data!G21&"|"&Raw_Data!H21&"|"&Raw_Data!I21&"|"&Raw_Data!J21&"|"&Raw_Data!K21&"|"&Raw_Data!L21&"|"&Raw_Data!M21&"|"&Raw_Data!N21&"|"&Raw_Data!O21&"|"&Raw_Data!P21&"|"&Raw_Data!Q21&"|"&Raw_Data!R21&"|"&Raw_Data!S21&"|"&Raw_Data!T21&"|"&Raw_Data!U21&"|"&Raw_Data!V21&"|"&Raw_Data!W21&"|"&Raw_Data!X21&"|"&Raw_Data!Y21&"|"&Raw_Data!Z21&"|"&Raw_Data!AA21&"|"&Raw_Data!AB21&"|"&Raw_Data!AC21&"|"&Raw_Data!AD21&"|"&Raw_Data!AE21&"|"&Raw_Data!AF21&"|"&Raw_Data!AG21&"|"&Raw_Data!AH21&"|"&Raw_Data!AI21&"|"&Raw_Data!AJ21&"|"&Raw_Data!AK21&"|"&Raw_Data!AL21&"|"&Raw_Data!AM21&"|"&Raw_Data!AN21&"|"&Raw_Data!AO21 -> 0|3|1|1|2|2|3|3|1|23|4|4|4|4|4|3|4|2|5|5|5|3|3|4|2|4|4|1|2|2|5|3|5|4|3|5|3|5|5|1|2 | Q23: =COUNTIF($P$4:$P$513,P23) -> 1
O24: 22 | P24: =Raw_Data!A22&"|"&Raw_Data!B22&"|"&Raw_Data!C22&"|"&Raw_Data!D22&"|"&Raw_Data!E22&"|"&Raw_Data!F22&"|"&Raw_Data!G22&"|"&Raw_Data!H22&"|"&Raw_Data!I22&"|"&Raw_Data!J22&"|"&Raw_Data!K22&"|"&Raw_Data!L22&"|"&Raw_Data!M22&"|"&Raw_Data!N22&"|"&Raw_Data!O22&"|"&Raw_Data!P22&"|"&Raw_Data!Q22&"|"&Raw_Data!R22&"|"&Raw_Data!S22&"|"&Raw_Data!T22&"|"&Raw_Data!U22&"|"&Raw_Data!V22&"|"&Raw_Data!W22&"|"&Raw_Data!X22&"|"&Raw_Data!Y22&"|"&Raw_Data!Z22&"|"&Raw_Data!AA22&"|"&Raw_Data!AB22&"|"&Raw_Data!AC22&"|"&Raw_Data!AD22&"|"&Raw_Data!AE22&"|"&Raw_Data!AF22&"|"&Raw_Data!AG22&"|"&Raw_Data!AH22&"|"&Raw_Data!AI22&"|"&Raw_Data!AJ22&"|"&Raw_Data!AK22&"|"&Raw_Data!AL22&"|"&Raw_Data!AM22&"|"&Raw_Data!AN22&"|"&Raw_Data!AO22 -> 1|4|1|1|2|2|3|3|3|24|4|4|4|5|4|3|3|3|3|5|4|4|3|5|4|5|5|4|1|2|4|4|5|4|4|4|4|5|4|3|5 | Q24: =COUNTIF($P$4:$P$513,P24) -> 1
O25: 23 | P25: =Raw_Data!A23&"|"&Raw_Data!B23&"|"&Raw_Data!C23&"|"&Raw_Data!D23&"|"&Raw_Data!E23&"|"&Raw_Data!F23&"|"&Raw_Data!G23&"|"&Raw_Data!H23&"|"&Raw_Data!I23&"|"&Raw_Data!J23&"|"&Raw_Data!K23&"|"&Raw_Data!L23&"|"&Raw_Data!M23&"|"&Raw_Data!N23&"|"&Raw_Data!O23&"|"&Raw_Data!P23&"|"&Raw_Data!Q23&"|"&Raw_Data!R23&"|"&Raw_Data!S23&"|"&Raw_Data!T23&"|"&Raw_Data!U23&"|"&Raw_Data!V23&"|"&Raw_Data!W23&"|"&Raw_Data!X23&"|"&Raw_Data!Y23&"|"&Raw_Data!Z23&"|"&Raw_Data!AA23&"|"&Raw_Data!AB23&"|"&Raw_Data!AC23&"|"&Raw_Data!AD23&"|"&Raw_Data!AE23&"|"&Raw_Data!AF23&"|"&Raw_Data!AG23&"|"&Raw_Data!AH23&"|"&Raw_Data!AI23&"|"&Raw_Data!AJ23&"|"&Raw_Data!AK23&"|"&Raw_Data!AL23&"|"&Raw_Data!AM23&"|"&Raw_Data!AN23&"|"&Raw_Data!AO23 -> 1|4|2|1|2|2|4|2|3|25|2|3|2|2|2|2|3|2|4|4|4|4|4|4|3|4|2|2|2|2|3|3|3|3|3|3|3|4|3|2|3 | Q25: =COUNTIF($P$4:$P$513,P25) -> 1
O26: 24 | P26: =Raw_Data!A24&"|"&Raw_Data!B24&"|"&Raw_Data!C24&"|"&Raw_Data!D24&"|"&Raw_Data!E24&"|"&Raw_Data!F24&"|"&Raw_Data!G24&"|"&Raw_Data!H24&"|"&Raw_Data!I24&"|"&Raw_Data!J24&"|"&Raw_Data!K24&"|"&Raw_Data!L24&"|"&Raw_Data!M24&"|"&Raw_Data!N24&"|"&Raw_Data!O24&"|"&Raw_Data!P24&"|"&Raw_Data!Q24&"|"&Raw_Data!R24&"|"&Raw_Data!S24&"|"&Raw_Data!T24&"|"&Raw_Data!U24&"|"&Raw_Data!V24&"|"&Raw_Data!W24&"|"&Raw_Data!X24&"|"&Raw_Data!Y24&"|"&Raw_Data!Z24&"|"&Raw_Data!AA24&"|"&Raw_Data!AB24&"|"&Raw_Data!AC24&"|"&Raw_Data!AD24&"|"&Raw_Data!AE24&"|"&Raw_Data!AF24&"|"&Raw_Data!AG24&"|"&Raw_Data!AH24&"|"&Raw_Data!AI24&"|"&Raw_Data!AJ24&"|"&Raw_Data!AK24&"|"&Raw_Data!AL24&"|"&Raw_Data!AM24&"|"&Raw_Data!AN24&"|"&Raw_Data!AO24 -> 0|4|2|1|2|2|2|1|1|23|4|3|4|3|3|4|5|2|4|4|4|4|4|4|3|3|5|4|2|2|3|2|4|3|4|3|3|4|3|3|2 | Q26: =COUNTIF($P$4:$P$513,P26) -> 1
O27: 25 | P27: =Raw_Data!A25&"|"&Raw_Data!B25&"|"&Raw_Data!C25&"|"&Raw_Data!D25&"|"&Raw_Data!E25&"|"&Raw_Data!F25&"|"&Raw_Data!G25&"|"&Raw_Data!H25&"|"&Raw_Data!I25&"|"&Raw_Data!J25&"|"&Raw_Data!K25&"|"&Raw_Data!L25&"|"&Raw_Data!M25&"|"&Raw_Data!N25&"|"&Raw_Data!O25&"|"&Raw_Data!P25&"|"&Raw_Data!Q25&"|"&Raw_Data!R25&"|"&Raw_Data!S25&"|"&Raw_Data!T25&"|"&Raw_Data!U25&"|"&Raw_Data!V25&"|"&Raw_Data!W25&"|"&Raw_Data!X25&"|"&Raw_Data!Y25&"|"&Raw_Data!Z25&"|"&Raw_Data!AA25&"|"&Raw_Data!AB25&"|"&Raw_Data!AC25&"|"&Raw_Data!AD25&"|"&Raw_Data!AE25&"|"&Raw_Data!AF25&"|"&Raw_Data!AG25&"|"&Raw_Data!AH25&"|"&Raw_Data!AI25&"|"&Raw_Data!AJ25&"|"&Raw_Data!AK25&"|"&Raw_Data!AL25&"|"&Raw_Data!AM25&"|"&Raw_Data!AN25&"|"&Raw_Data!AO25 -> 0|4|1|2|2|2|2|1|1|26|4|2|3|3|5|4|4|2|4|5|4|4|4|3|4|3|4|2|2|2|4|4|4|3|4|4|4|5|3|3|2 | Q27: =COUNTIF($P$4:$P$513,P27) -> 1
O28: 26 | P28: =Raw_Data!A26&"|"&Raw_Data!B26&"|"&Raw_Data!C26&"|"&Raw_Data!D26&"|"&Raw_Data!E26&"|"&Raw_Data!F26&"|"&Raw_Data!G26&"|"&Raw_Data!H26&"|"&Raw_Data!I26&"|"&Raw_Data!J26&"|"&Raw_Data!K26&"|"&Raw_Data!L26&"|"&Raw_Data!M26&"|"&Raw_Data!N26&"|"&Raw_Data!O26&"|"&Raw_Data!P26&"|"&Raw_Data!Q26&"|"&Raw_Data!R26&"|"&Raw_Data!S26&"|"&Raw_Data!T26&"|"&Raw_Data!U26&"|"&Raw_Data!V26&"|"&Raw_Data!W26&"|"&Raw_Data!X26&"|"&Raw_Data!Y26&"|"&Raw_Data!Z26&"|"&Raw_Data!AA26&"|"&Raw_Data!AB26&"|"&Raw_Data!AC26&"|"&Raw_Data!AD26&"|"&Raw_Data!AE26&"|"&Raw_Data!AF26&"|"&Raw_Data!AG26&"|"&Raw_Data!AH26&"|"&Raw_Data!AI26&"|"&Raw_Data!AJ26&"|"&Raw_Data!AK26&"|"&Raw_Data!AL26&"|"&Raw_Data!AM26&"|"&Raw_Data!AN26&"|"&Raw_Data!AO26 -> 0|4|1|1|2|2|4|3|3|25|3|4|4|3|5|4|4|4|4|4|4|4|4|4|4|4|4|4|2|2|4|3|4|4|4|4|4|5|4|3|4 | Q28: =COUNTIF($P$4:$P$513,P28) -> 1
O29: 27 | P29: =Raw_Data!A27&"|"&Raw_Data!B27&"|"&Raw_Data!C27&"|"&Raw_Data!D27&"|"&Raw_Data!E27&"|"&Raw_Data!F27&"|"&Raw_Data!G27&"|"&Raw_Data!H27&"|"&Raw_Data!I27&"|"&Raw_Data!J27&"|"&Raw_Data!K27&"|"&Raw_Data!L27&"|"&Raw_Data!M27&"|"&Raw_Data!N27&"|"&Raw_Data!O27&"|"&Raw_Data!P27&"|"&Raw_Data!Q27&"|"&Raw_Data!R27&"|"&Raw_Data!S27&"|"&Raw_Data!T27&"|"&Raw_Data!U27&"|"&Raw_Data!V27&"|"&Raw_Data!W27&"|"&Raw_Data!X27&"|"&Raw_Data!Y27&"|"&Raw_Data!Z27&"|"&Raw_Data!AA27&"|"&Raw_Data!AB27&"|"&Raw_Data!AC27&"|"&Raw_Data!AD27&"|"&Raw_Data!AE27&"|"&Raw_Data!AF27&"|"&Raw_Data!AG27&"|"&Raw_Data!AH27&"|"&Raw_Data!AI27&"|"&Raw_Data!AJ27&"|"&Raw_Data!AK27&"|"&Raw_Data!AL27&"|"&Raw_Data!AM27&"|"&Raw_Data!AN27&"|"&Raw_Data!AO27 -> 0|4|1|2|2|2|1|1|3|25|3|3|4|3|4|4|3|4|4|5|5|4|4|3|3|4|4|4|2|2|4|3|4|3|4|4|4|5|5|3|3 | Q29: =COUNTIF($P$4:$P$513,P29) -> 1
O30: 28 | P30: =Raw_Data!A28&"|"&Raw_Data!B28&"|"&Raw_Data!C28&"|"&Raw_Data!D28&"|"&Raw_Data!E28&"|"&Raw_Data!F28&"|"&Raw_Data!G28&"|"&Raw_Data!H28&"|"&Raw_Data!I28&"|"&Raw_Data!J28&"|"&Raw_Data!K28&"|"&Raw_Data!L28&"|"&Raw_Data!M28&"|"&Raw_Data!N28&"|"&Raw_Data!O28&"|"&Raw_Data!P28&"|"&Raw_Data!Q28&"|"&Raw_Data!R28&"|"&Raw_Data!S28&"|"&Raw_Data!T28&"|"&Raw_Data!U28&"|"&Raw_Data!V28&"|"&Raw_Data!W28&"|"&Raw_Data!X28&"|"&Raw_Data!Y28&"|"&Raw_Data!Z28&"|"&Raw_Data!AA28&"|"&Raw_Data!AB28&"|"&Raw_Data!AC28&"|"&Raw_Data!AD28&"|"&Raw_Data!AE28&"|"&Raw_Data!AF28&"|"&Raw_Data!AG28&"|"&Raw_Data!AH28&"|"&Raw_Data!AI28&"|"&Raw_Data!AJ28&"|"&Raw_Data!AK28&"|"&Raw_Data!AL28&"|"&Raw_Data!AM28&"|"&Raw_Data!AN28&"|"&Raw_Data!AO28 -> 0|3|1|1|2|2|3|2|1|24|3|3|4|2|4|2|2|2|4|4|4|4|4|2|4|4|4|2|1|2|4|2|4|2|2|2|2|4|4|2|3 | Q30: =COUNTIF($P$4:$P$513,P30) -> 1
O31: 29 | P31: =Raw_Data!A29&"|"&Raw_Data!B29&"|"&Raw_Data!C29&"|"&Raw_Data!D29&"|"&Raw_Data!E29&"|"&Raw_Data!F29&"|"&Raw_Data!G29&"|"&Raw_Data!H29&"|"&Raw_Data!I29&"|"&Raw_Data!J29&"|"&Raw_Data!K29&"|"&Raw_Data!L29&"|"&Raw_Data!M29&"|"&Raw_Data!N29&"|"&Raw_Data!O29&"|"&Raw_Data!P29&"|"&Raw_Data!Q29&"|"&Raw_Data!R29&"|"&Raw_Data!S29&"|"&Raw_Data!T29&"|"&Raw_Data!U29&"|"&Raw_Data!V29&"|"&Raw_Data!W29&"|"&Raw_Data!X29&"|"&Raw_Data!Y29&"|"&Raw_Data!Z29&"|"&Raw_Data!AA29&"|"&Raw_Data!AB29&"|"&Raw_Data!AC29&"|"&Raw_Data!AD29&"|"&Raw_Data!AE29&"|"&Raw_Data!AF29&"|"&Raw_Data!AG29&"|"&Raw_Data!AH29&"|"&Raw_Data!AI29&"|"&Raw_Data!AJ29&"|"&Raw_Data!AK29&"|"&Raw_Data!AL29&"|"&Raw_Data!AM29&"|"&Raw_Data!AN29&"|"&Raw_Data!AO29 -> 0|3|1|1|2|2|2|2|1|22|2|3|2|3|4|4|4|3|3|5|4|4|3|2|3|4|4|2|1|2|4|3|4|4|4|4|2|5|4|3|2 | Q31: =COUNTIF($P$4:$P$513,P31) -> 1
O32: 30 | P32: =Raw_Data!A30&"|"&Raw_Data!B30&"|"&Raw_Data!C30&"|"&Raw_Data!D30&"|"&Raw_Data!E30&"|"&Raw_Data!F30&"|"&Raw_Data!G30&"|"&Raw_Data!H30&"|"&Raw_Data!I30&"|"&Raw_Data!J30&"|"&Raw_Data!K30&"|"&Raw_Data!L30&"|"&Raw_Data!M30&"|"&Raw_Data!N30&"|"&Raw_Data!O30&"|"&Raw_Data!P30&"|"&Raw_Data!Q30&"|"&Raw_Data!R30&"|"&Raw_Data!S30&"|"&Raw_Data!T30&"|"&Raw_Data!U30&"|"&Raw_Data!V30&"|"&Raw_Data!W30&"|"&Raw_Data!X30&"|"&Raw_Data!Y30&"|"&Raw_Data!Z30&"|"&Raw_Data!AA30&"|"&Raw_Data!AB30&"|"&Raw_Data!AC30&"|"&Raw_Data!AD30&"|"&Raw_Data!AE30&"|"&Raw_Data!AF30&"|"&Raw_Data!AG30&"|"&Raw_Data!AH30&"|"&Raw_Data!AI30&"|"&Raw_Data!AJ30&"|"&Raw_Data!AK30&"|"&Raw_Data!AL30&"|"&Raw_Data!AM30&"|"&Raw_Data!AN30&"|"&Raw_Data!AO30 -> 1|3|2|1|2|2|3|3|1|22|3|4|5|5|3|2|3|3|5|5|5|4|5|4|2|5|4|1|2|2|5|4|5|2|2|4|2|4|4|3|3 | Q32: =COUNTIF($P$4:$P$513,P32) -> 1
O33: 31 | P33: =Raw_Data!A31&"|"&Raw_Data!B31&"|"&Raw_Data!C31&"|"&Raw_Data!D31&"|"&Raw_Data!E31&"|"&Raw_Data!F31&"|"&Raw_Data!G31&"|"&Raw_Data!H31&"|"&Raw_Data!I31&"|"&Raw_Data!J31&"|"&Raw_Data!K31&"|"&Raw_Data!L31&"|"&Raw_Data!M31&"|"&Raw_Data!N31&"|"&Raw_Data!O31&"|"&Raw_Data!P31&"|"&Raw_Data!Q31&"|"&Raw_Data!R31&"|"&Raw_Data!S31&"|"&Raw_Data!T31&"|"&Raw_Data!U31&"|"&Raw_Data!V31&"|"&Raw_Data!W31&"|"&Raw_Data!X31&"|"&Raw_Data!Y31&"|"&Raw_Data!Z31&"|"&Raw_Data!AA31&"|"&Raw_Data!AB31&"|"&Raw_Data!AC31&"|"&Raw_Data!AD31&"|"&Raw_Data!AE31&"|"&Raw_Data!AF31&"|"&Raw_Data!AG31&"|"&Raw_Data!AH31&"|"&Raw_Data!AI31&"|"&Raw_Data!AJ31&"|"&Raw_Data!AK31&"|"&Raw_Data!AL31&"|"&Raw_Data!AM31&"|"&Raw_Data!AN31&"|"&Raw_Data!AO31 -> 0|3|1|1|2|2|1|2|3|23|4|3|4|4|3|4|4|3|5|4|4|3|4|2|3|4|4|4|3|2|3|3|3|4|3|4|3|4|3|3|3 | Q33: =COUNTIF($P$4:$P$513,P33) -> 1
... O513: 511 | P513: =Raw_Data!A511&"|"&Raw_Data!B511&"|"&Raw_Data!C511&"|"&Raw_Data!D511&"|"&Raw_Data!E511&"|"&Raw_Data!F511&"|"&Raw_Data!G511&"|"&Raw_Data!H511&"|"&Raw_Data!I511&"|"&Raw_Data!J511&"|"&Raw_Data!K511&"|"&Raw_Data!L511&"|"&Raw_Data!M511&"|"&Raw_Data!N511&"|"&Raw_Data!O511&"|"&Raw_Data!P511&"|"&Raw_Data!Q511&"|"&Raw_Data!R511&"|"&Raw_Data!S511&"|"&Raw_Data!T511&"|"&Raw_Data!U511&"|"&Raw_Data!V511&"|"&Raw_Data!W511&"|"&Raw_Data!X511&"|"&Raw_Data!Y511&"|"&Raw_Data!Z511&"|"&Raw_Data!AA511&"|"&Raw_Data!AB511&"|"&Raw_Data!AC511&"|"&Raw_Data!AD511&"|"&Raw_Data!AE511&"|"&Raw_Data!AF511&"|"&Raw_Data!AG511&"|"&Raw_Data!AH511&"|"&Raw_Data!AI511&"|"&Raw_Data!AJ511&"|"&Raw_Data!AK511&"|"&Raw_Data!AL511&"|"&Raw_Data!AM511&"|"&Raw_Data!AN511&"|"&Raw_Data!AO511 -> 0|4|1|2|2|2|1|1|3|27|4|5|5|4|4|2|2|3|5|5|4|3|4|4|4|4|2|5|3|4|5|5|5|3|5|5|2|4|4|4|3 | Q513: =COUNTIF($P$4:$P$513,P513) -> 1

Sheet TB_Primary
A1: Raw_Data row | B1: TB1 | C1: TB2 | D1: TB3 | E1: TB4 | F1: TB5 | G1: TB6 | H1: Total | I1: Rest_TB1 | J1: Rest_TB2 | K1: Rest_TB3 | L1: Rest_TB4 | M1: Rest_TB5 | N1: Rest_TB6 | O1: Odd (TB1+TB3+TB5) | P1: Even (TB2+TB4+TB6)
A2: 2 | B2: =Raw_Data!AJ2 -> 4 | C2: =Raw_Data!AK2 -> 5 | D2: =Raw_Data!AL2 -> 4 | E2: =Raw_Data!AM2 -> 4 | F2: =Raw_Data!AN2 -> 4 | G2: =Raw_Data!AO2 -> 4 | H2: =SUM(B2:G2) -> 25 | I2: =H2-B2 -> 21 | J2: =H2-C2 -> 20 | K2: =H2-D2 -> 21 | L2: =H2-E2 -> 21 | M2: =H2-F2 -> 21 | N2: =H2-G2 -> 21 | O2: =B2+D2+F2 -> 12 | P2: =C2+E2+G2 -> 13
A3: 3 | B3: =Raw_Data!AJ3 -> 4 | C3: =Raw_Data!AK3 -> 1 | D3: =Raw_Data!AL3 -> 5 | E3: =Raw_Data!AM3 -> 3 | F3: =Raw_Data!AN3 -> 2 | G3: =Raw_Data!AO3 -> 3 | H3: =SUM(B3:G3) -> 18 | I3: =H3-B3 -> 14 | J3: =H3-C3 -> 17 | K3: =H3-D3 -> 13 | L3: =H3-E3 -> 15 | M3: =H3-F3 -> 16 | N3: =H3-G3 -> 15 | O3: =B3+D3+F3 -> 11 | P3: =C3+E3+G3 -> 7
A4: 4 | B4: =Raw_Data!AJ4 -> 4 | C4: =Raw_Data!AK4 -> 3 | D4: =Raw_Data!AL4 -> 4 | E4: =Raw_Data!AM4 -> 4 | F4: =Raw_Data!AN4 -> 3 | G4: =Raw_Data!AO4 -> 3 | H4: =SUM(B4:G4) -> 21 | I4: =H4-B4 -> 17 | J4: =H4-C4 -> 18 | K4: =H4-D4 -> 17 | L4: =H4-E4 -> 17 | M4: =H4-F4 -> 18 | N4: =H4-G4 -> 18 | O4: =B4+D4+F4 -> 11 | P4: =C4+E4+G4 -> 10
A5: 5 | B5: =Raw_Data!AJ5 -> 4 | C5: =Raw_Data!AK5 -> 3 | D5: =Raw_Data!AL5 -> 4 | E5: =Raw_Data!AM5 -> 3 | F5: =Raw_Data!AN5 -> 2 | G5: =Raw_Data!AO5 -> 2 | H5: =SUM(B5:G5) -> 18 | I5: =H5-B5 -> 14 | J5: =H5-C5 -> 15 | K5: =H5-D5 -> 14 | L5: =H5-E5 -> 15 | M5: =H5-F5 -> 16 | N5: =H5-G5 -> 16 | O5: =B5+D5+F5 -> 10 | P5: =C5+E5+G5 -> 8
A6: 6 | B6: =Raw_Data!AJ6 -> 3 | C6: =Raw_Data!AK6 -> 5 | D6: =Raw_Data!AL6 -> 5 | E6: =Raw_Data!AM6 -> 4 | F6: =Raw_Data!AN6 -> 4 | G6: =Raw_Data!AO6 -> 4 | H6: =SUM(B6:G6) -> 25 | I6: =H6-B6 -> 22 | J6: =H6-C6 -> 20 | K6: =H6-D6 -> 20 | L6: =H6-E6 -> 21 | M6: =H6-F6 -> 21 | N6: =H6-G6 -> 21 | O6: =B6+D6+F6 -> 12 | P6: =C6+E6+G6 -> 13
A7: 7 | B7: =Raw_Data!AJ7 -> 3 | C7: =Raw_Data!AK7 -> 5 | D7: =Raw_Data!AL7 -> 3 | E7: =Raw_Data!AM7 -> 3 | F7: =Raw_Data!AN7 -> 4 | G7: =Raw_Data!AO7 -> 3 | H7: =SUM(B7:G7) -> 21 | I7: =H7-B7 -> 18 | J7: =H7-C7 -> 16 | K7: =H7-D7 -> 18 | L7: =H7-E7 -> 18 | M7: =H7-F7 -> 17 | N7: =H7-G7 -> 18 | O7: =B7+D7+F7 -> 10 | P7: =C7+E7+G7 -> 11
A8: 8 | B8: =Raw_Data!AJ8 -> 4 | C8: =Raw_Data!AK8 -> 2 | D8: =Raw_Data!AL8 -> 5 | E8: =Raw_Data!AM8 -> 3 | F8: =Raw_Data!AN8 -> 3 | G8: =Raw_Data!AO8 -> 3 | H8: =SUM(B8:G8) -> 20 | I8: =H8-B8 -> 16 | J8: =H8-C8 -> 18 | K8: =H8-D8 -> 15 | L8: =H8-E8 -> 17 | M8: =H8-F8 -> 17 | N8: =H8-G8 -> 17 | O8: =B8+D8+F8 -> 12 | P8: =C8+E8+G8 -> 8
A9: 9 | B9: =Raw_Data!AJ9 -> 3 | C9: =Raw_Data!AK9 -> 4 | D9: =Raw_Data!AL9 -> 4 | E9: =Raw_Data!AM9 -> 4 | F9: =Raw_Data!AN9 -> 2 | G9: =Raw_Data!AO9 -> 4 | H9: =SUM(B9:G9) -> 21 | I9: =H9-B9 -> 18 | J9: =H9-C9 -> 17 | K9: =H9-D9 -> 17 | L9: =H9-E9 -> 17 | M9: =H9-F9 -> 19 | N9: =H9-G9 -> 17 | O9: =B9+D9+F9 -> 9 | P9: =C9+E9+G9 -> 12
A10: 10 | B10: =Raw_Data!AJ10 -> 4 | C10: =Raw_Data!AK10 -> 5 | D10: =Raw_Data!AL10 -> 4 | E10: =Raw_Data!AM10 -> 4 | F10: =Raw_Data!AN10 -> 3 | G10: =Raw_Data!AO10 -> 3 | H10: =SUM(B10:G10) -> 23 | I10: =H10-B10 -> 19 | J10: =H10-C10 -> 18 | K10: =H10-D10 -> 19 | L10: =H10-E10 -> 19 | M10: =H10-F10 -> 20 | N10: =H10-G10 -> 20 | O10: =B10+D10+F10 -> 11 | P10: =C10+E10+G10 -> 12
A11: 11 | B11: =Raw_Data!AJ11 -> 4 | C11: =Raw_Data!AK11 -> 3 | D11: =Raw_Data!AL11 -> 3 | E11: =Raw_Data!AM11 -> 3 | F11: =Raw_Data!AN11 -> 3 | G11: =Raw_Data!AO11 -> 3 | H11: =SUM(B11:G11) -> 19 | I11: =H11-B11 -> 15 | J11: =H11-C11 -> 16 | K11: =H11-D11 -> 16 | L11: =H11-E11 -> 16 | M11: =H11-F11 -> 16 | N11: =H11-G11 -> 16 | O11: =B11+D11+F11 -> 10 | P11: =C11+E11+G11 -> 9
A12: 12 | B12: =Raw_Data!AJ12 -> 4 | C12: =Raw_Data!AK12 -> 4 | D12: =Raw_Data!AL12 -> 5 | E12: =Raw_Data!AM12 -> 4 | F12: =Raw_Data!AN12 -> 3 | G12: =Raw_Data!AO12 -> 2 | H12: =SUM(B12:G12) -> 22 | I12: =H12-B12 -> 18 | J12: =H12-C12 -> 18 | K12: =H12-D12 -> 17 | L12: =H12-E12 -> 18 | M12: =H12-F12 -> 19 | N12: =H12-G12 -> 20 | O12: =B12+D12+F12 -> 12 | P12: =C12+E12+G12 -> 10
A13: 13 | B13: =Raw_Data!AJ13 -> 2 | C13: =Raw_Data!AK13 -> 4 | D13: =Raw_Data!AL13 -> 5 | E13: =Raw_Data!AM13 -> 2 | F13: =Raw_Data!AN13 -> 1 | G13: =Raw_Data!AO13 -> 2 | H13: =SUM(B13:G13) -> 16 | I13: =H13-B13 -> 14 | J13: =H13-C13 -> 12 | K13: =H13-D13 -> 11 | L13: =H13-E13 -> 14 | M13: =H13-F13 -> 15 | N13: =H13-G13 -> 14 | O13: =B13+D13+F13 -> 8 | P13: =C13+E13+G13 -> 8
... A511: 511 | B511: =Raw_Data!AJ511 -> 5 | C511: =Raw_Data!AK511 -> 2 | D511: =Raw_Data!AL511 -> 4 | E511: =Raw_Data!AM511 -> 4 | F511: =Raw_Data!AN511 -> 4 | G511: =Raw_Data!AO511 -> 3 | H511: =SUM(B511:G511) -> 22 | I511: =H511-B511 -> 17 | J511: =H511-C511 -> 20 | K511: =H511-D511 -> 18 | L511: =H511-E511 -> 18 | M511: =H511-F511 -> 18 | N511: =H511-G511 -> 19 | O511: =B511+D511+F511 -> 13 | P511: =C511+E511+G511 -> 9
A513: All 510 data rows (Raw_Data rows 2-511).

Sheet TB_Sensitivity
A1: Raw_Data row | B1: TB1 | C1: TB2 | D1: TB3 | E1: TB4 | F1: TB5 | G1: TB6 | H1: Total | I1: Rest_TB1 | J1: Rest_TB2 | K1: Rest_TB3 | L1: Rest_TB4 | M1: Rest_TB5 | N1: Rest_TB6 | O1: Odd (TB1+TB3+TB5) | P1: Even (TB2+TB4+TB6)
A2: 2 | B2: =Raw_Data!AJ2 -> 4 | C2: =Raw_Data!AK2 -> 5 | D2: =Raw_Data!AL2 -> 4 | E2: =Raw_Data!AM2 -> 4 | F2: =Raw_Data!AN2 -> 4 | G2: =Raw_Data!AO2 -> 4 | H2: =SUM(B2:G2) -> 25 | I2: =H2-B2 -> 21 | J2: =H2-C2 -> 20 | K2: =H2-D2 -> 21 | L2: =H2-E2 -> 21 | M2: =H2-F2 -> 21 | N2: =H2-G2 -> 21 | O2: =B2+D2+F2 -> 12 | P2: =C2+E2+G2 -> 13
A3: 3 | B3: =Raw_Data!AJ3 -> 4 | C3: =Raw_Data!AK3 -> 1 | D3: =Raw_Data!AL3 -> 5 | E3: =Raw_Data!AM3 -> 3 | F3: =Raw_Data!AN3 -> 2 | G3: =Raw_Data!AO3 -> 3 | H3: =SUM(B3:G3) -> 18 | I3: =H3-B3 -> 14 | J3: =H3-C3 -> 17 | K3: =H3-D3 -> 13 | L3: =H3-E3 -> 15 | M3: =H3-F3 -> 16 | N3: =H3-G3 -> 15 | O3: =B3+D3+F3 -> 11 | P3: =C3+E3+G3 -> 7
A4: 4 | B4: =Raw_Data!AJ4 -> 4 | C4: =Raw_Data!AK4 -> 3 | D4: =Raw_Data!AL4 -> 4 | E4: =Raw_Data!AM4 -> 4 | F4: =Raw_Data!AN4 -> 3 | G4: =Raw_Data!AO4 -> 3 | H4: =SUM(B4:G4) -> 21 | I4: =H4-B4 -> 17 | J4: =H4-C4 -> 18 | K4: =H4-D4 -> 17 | L4: =H4-E4 -> 17 | M4: =H4-F4 -> 18 | N4: =H4-G4 -> 18 | O4: =B4+D4+F4 -> 11 | P4: =C4+E4+G4 -> 10
A5: 5 | B5: =Raw_Data!AJ5 -> 4 | C5: =Raw_Data!AK5 -> 3 | D5: =Raw_Data!AL5 -> 4 | E5: =Raw_Data!AM5 -> 3 | F5: =Raw_Data!AN5 -> 2 | G5: =Raw_Data!AO5 -> 2 | H5: =SUM(B5:G5) -> 18 | I5: =H5-B5 -> 14 | J5: =H5-C5 -> 15 | K5: =H5-D5 -> 14 | L5: =H5-E5 -> 15 | M5: =H5-F5 -> 16 | N5: =H5-G5 -> 16 | O5: =B5+D5+F5 -> 10 | P5: =C5+E5+G5 -> 8
A6: 6 | B6: =Raw_Data!AJ6 -> 3 | C6: =Raw_Data!AK6 -> 5 | D6: =Raw_Data!AL6 -> 5 | E6: =Raw_Data!AM6 -> 4 | F6: =Raw_Data!AN6 -> 4 | G6: =Raw_Data!AO6 -> 4 | H6: =SUM(B6:G6) -> 25 | I6: =H6-B6 -> 22 | J6: =H6-C6 -> 20 | K6: =H6-D6 -> 20 | L6: =H6-E6 -> 21 | M6: =H6-F6 -> 21 | N6: =H6-G6 -> 21 | O6: =B6+D6+F6 -> 12 | P6: =C6+E6+G6 -> 13
A7: 7 | B7: =Raw_Data!AJ7 -> 3 | C7: =Raw_Data!AK7 -> 5 | D7: =Raw_Data!AL7 -> 3 | E7: =Raw_Data!AM7 -> 3 | F7: =Raw_Data!AN7 -> 4 | G7: =Raw_Data!AO7 -> 3 | H7: =SUM(B7:G7) -> 21 | I7: =H7-B7 -> 18 | J7: =H7-C7 -> 16 | K7: =H7-D7 -> 18 | L7: =H7-E7 -> 18 | M7: =H7-F7 -> 17 | N7: =H7-G7 -> 18 | O7: =B7+D7+F7 -> 10 | P7: =C7+E7+G7 -> 11
A8: 8 | B8: =Raw_Data!AJ8 -> 4 | C8: =Raw_Data!AK8 -> 2 | D8: =Raw_Data!AL8 -> 5 | E8: =Raw_Data!AM8 -> 3 | F8: =Raw_Data!AN8 -> 3 | G8: =Raw_Data!AO8 -> 3 | H8: =SUM(B8:G8) -> 20 | I8: =H8-B8 -> 16 | J8: =H8-C8 -> 18 | K8: =H8-D8 -> 15 | L8: =H8-E8 -> 17 | M8: =H8-F8 -> 17 | N8: =H8-G8 -> 17 | O8: =B8+D8+F8 -> 12 | P8: =C8+E8+G8 -> 8
A9: 9 | B9: =Raw_Data!AJ9 -> 3 | C9: =Raw_Data!AK9 -> 4 | D9: =Raw_Data!AL9 -> 4 | E9: =Raw_Data!AM9 -> 4 | F9: =Raw_Data!AN9 -> 2 | G9: =Raw_Data!AO9 -> 4 | H9: =SUM(B9:G9) -> 21 | I9: =H9-B9 -> 18 | J9: =H9-C9 -> 17 | K9: =H9-D9 -> 17 | L9: =H9-E9 -> 17 | M9: =H9-F9 -> 19 | N9: =H9-G9 -> 17 | O9: =B9+D9+F9 -> 9 | P9: =C9+E9+G9 -> 12
A10: 10 | B10: =Raw_Data!AJ10 -> 4 | C10: =Raw_Data!AK10 -> 5 | D10: =Raw_Data!AL10 -> 4 | E10: =Raw_Data!AM10 -> 4 | F10: =Raw_Data!AN10 -> 3 | G10: =Raw_Data!AO10 -> 3 | H10: =SUM(B10:G10) -> 23 | I10: =H10-B10 -> 19 | J10: =H10-C10 -> 18 | K10: =H10-D10 -> 19 | L10: =H10-E10 -> 19 | M10: =H10-F10 -> 20 | N10: =H10-G10 -> 20 | O10: =B10+D10+F10 -> 11 | P10: =C10+E10+G10 -> 12
A11: 11 | B11: =Raw_Data!AJ11 -> 4 | C11: =Raw_Data!AK11 -> 3 | D11: =Raw_Data!AL11 -> 3 | E11: =Raw_Data!AM11 -> 3 | F11: =Raw_Data!AN11 -> 3 | G11: =Raw_Data!AO11 -> 3 | H11: =SUM(B11:G11) -> 19 | I11: =H11-B11 -> 15 | J11: =H11-C11 -> 16 | K11: =H11-D11 -> 16 | L11: =H11-E11 -> 16 | M11: =H11-F11 -> 16 | N11: =H11-G11 -> 16 | O11: =B11+D11+F11 -> 10 | P11: =C11+E11+G11 -> 9
A12: 12 | B12: =Raw_Data!AJ12 -> 4 | C12: =Raw_Data!AK12 -> 4 | D12: =Raw_Data!AL12 -> 5 | E12: =Raw_Data!AM12 -> 4 | F12: =Raw_Data!AN12 -> 3 | G12: =Raw_Data!AO12 -> 2 | H12: =SUM(B12:G12) -> 22 | I12: =H12-B12 -> 18 | J12: =H12-C12 -> 18 | K12: =H12-D12 -> 17 | L12: =H12-E12 -> 18 | M12: =H12-F12 -> 19 | N12: =H12-G12 -> 20 | O12: =B12+D12+F12 -> 12 | P12: =C12+E12+G12 -> 10
A13: 13 | B13: =Raw_Data!AJ13 -> 2 | C13: =Raw_Data!AK13 -> 4 | D13: =Raw_Data!AL13 -> 5 | E13: =Raw_Data!AM13 -> 2 | F13: =Raw_Data!AN13 -> 1 | G13: =Raw_Data!AO13 -> 2 | H13: =SUM(B13:G13) -> 16 | I13: =H13-B13 -> 14 | J13: =H13-C13 -> 12 | K13: =H13-D13 -> 11 | L13: =H13-E13 -> 14 | M13: =H13-F13 -> 15 | N13: =H13-G13 -> 14 | O13: =B13+D13+F13 -> 8 | P13: =C13+E13+G13 -> 8
... A141: 141 | B141: =Raw_Data!AJ141 -> 4 | C141: =Raw_Data!AK141 -> 3 | D141: =Raw_Data!AL141 -> 4 | E141: =Raw_Data!AM141 -> 3 | F141: =Raw_Data!AN141 -> 3 | G141: =Raw_Data!AO141 -> 3 | H141: =SUM(B141:G141) -> 20 | I141: =H141-B141 -> 16 | J141: =H141-C141 -> 17 | K141: =H141-D141 -> 16 | L141: =H141-E141 -> 17 | M141: =H141-F141 -> 17 | N141: =H141-G141 -> 17 | O141: =B141+D141+F141 -> 11 | P141: =C141+E141+G141 -> 9
A142: 143 | B142: =Raw_Data!AJ143 -> 4 | C142: =Raw_Data!AK143 -> 4 | D142: =Raw_Data!AL143 -> 4 | E142: =Raw_Data!AM143 -> 2 | F142: =Raw_Data!AN143 -> 3 | G142: =Raw_Data!AO143 -> 4 | H142: =SUM(B142:G142) -> 21 | I142: =H142-B142 -> 17 | J142: =H142-C142 -> 17 | K142: =H142-D142 -> 17 | L142: =H142-E142 -> 19 | M142: =H142-F142 -> 18 | N142: =H142-G142 -> 17 | O142: =B142+D142+F142 -> 11 | P142: =C142+E142+G142 -> 10
A143: 144 | B143: =Raw_Data!AJ144 -> 4 | C143: =Raw_Data!AK144 -> 3 | D143: =Raw_Data!AL144 -> 5 | E143: =Raw_Data!AM144 -> 3 | F143: =Raw_Data!AN144 -> 3 | G143: =Raw_Data!AO144 -> 3 | H143: =SUM(B143:G143) -> 21 | I143: =H143-B143 -> 17 | J143: =H143-C143 -> 18 | K143: =H143-D143 -> 16 | L143: =H143-E143 -> 18 | M143: =H143-F143 -> 18 | N143: =H143-G143 -> 18 | O143: =B143+D143+F143 -> 12 | P143: =C143+E143+G143 -> 9
A144: 145 | B144: =Raw_Data!AJ145 -> 4 | C144: =Raw_Data!AK145 -> 3 | D144: =Raw_Data!AL145 -> 4 | E144: =Raw_Data!AM145 -> 3 | F144: =Raw_Data!AN145 -> 3 | G144: =Raw_Data!AO145 -> 3 | H144: =SUM(B144:G144) -> 20 | I144: =H144-B144 -> 16 | J144: =H144-C144 -> 17 | K144: =H144-D144 -> 16 | L144: =H144-E144 -> 17 | M144: =H144-F144 -> 17 | N144: =H144-G144 -> 17 | O144: =B144+D144+F144 -> 11 | P144: =C144+E144+G144 -> 9
A145: 146 | B145: =Raw_Data!AJ146 -> 2 | C145: =Raw_Data!AK146 -> 3 | D145: =Raw_Data!AL146 -> 3 | E145: =Raw_Data!AM146 -> 3 | F145: =Raw_Data!AN146 -> 4 | G145: =Raw_Data!AO146 -> 2 | H145: =SUM(B145:G145) -> 17 | I145: =H145-B145 -> 15 | J145: =H145-C145 -> 14 | K145: =H145-D145 -> 14 | L145: =H145-E145 -> 14 | M145: =H145-F145 -> 13 | N145: =H145-G145 -> 15 | O145: =B145+D145+F145 -> 9 | P145: =C145+E145+G145 -> 8
A146: 147 | B146: =Raw_Data!AJ147 -> 4 | C146: =Raw_Data!AK147 -> 3 | D146: =Raw_Data!AL147 -> 3 | E146: =Raw_Data!AM147 -> 3 | F146: =Raw_Data!AN147 -> 3 | G146: =Raw_Data!AO147 -> 3 | H146: =SUM(B146:G146) -> 19 | I146: =H146-B146 -> 15 | J146: =H146-C146 -> 16 | K146: =H146-D146 -> 16 | L146: =H146-E146 -> 16 | M146: =H146-F146 -> 16 | N146: =H146-G146 -> 16 | O146: =B146+D146+F146 -> 10 | P146: =C146+E146+G146 -> 9
A147: 148 | B147: =Raw_Data!AJ148 -> 3 | C147: =Raw_Data!AK148 -> 2 | D147: =Raw_Data!AL148 -> 3 | E147: =Raw_Data!AM148 -> 3 | F147: =Raw_Data!AN148 -> 4 | G147: =Raw_Data!AO148 -> 3 | H147: =SUM(B147:G147) -> 18 | I147: =H147-B147 -> 15 | J147: =H147-C147 -> 16 | K147: =H147-D147 -> 15 | L147: =H147-E147 -> 15 | M147: =H147-F147 -> 14 | N147: =H147-G147 -> 15 | O147: =B147+D147+F147 -> 10 | P147: =C147+E147+G147 -> 8
A148: 149 | B148: =Raw_Data!AJ149 -> 2 | C148: =Raw_Data!AK149 -> 2 | D148: =Raw_Data!AL149 -> 4 | E148: =Raw_Data!AM149 -> 4 | F148: =Raw_Data!AN149 -> 2 | G148: =Raw_Data!AO149 -> 2 | H148: =SUM(B148:G148) -> 16 | I148: =H148-B148 -> 14 | J148: =H148-C148 -> 14 | K148: =H148-D148 -> 12 | L148: =H148-E148 -> 12 | M148: =H148-F148 -> 14 | N148: =H148-G148 -> 14 | O148: =B148+D148+F148 -> 8 | P148: =C148+E148+G148 -> 8
A149: 150 | B149: =Raw_Data!AJ150 -> 4 | C149: =Raw_Data!AK150 -> 3 | D149: =Raw_Data!AL150 -> 4 | E149: =Raw_Data!AM150 -> 4 | F149: =Raw_Data!AN150 -> 3 | G149: =Raw_Data!AO150 -> 3 | H149: =SUM(B149:G149) -> 21 | I149: =H149-B149 -> 17 | J149: =H149-C149 -> 18 | K149: =H149-D149 -> 17 | L149: =H149-E149 -> 17 | M149: =H149-F149 -> 18 | N149: =H149-G149 -> 18 | O149: =B149+D149+F149 -> 11 | P149: =C149+E149+G149 -> 10
A150: 151 | B150: =Raw_Data!AJ151 -> 4 | C150: =Raw_Data!AK151 -> 1 | D150: =Raw_Data!AL151 -> 4 | E150: =Raw_Data!AM151 -> 4 | F150: =Raw_Data!AN151 -> 4 | G150: =Raw_Data!AO151 -> 2 | H150: =SUM(B150:G150) -> 19 | I150: =H150-B150 -> 15 | J150: =H150-C150 -> 18 | K150: =H150-D150 -> 15 | L150: =H150-E150 -> 15 | M150: =H150-F150 -> 15 | N150: =H150-G150 -> 17 | O150: =B150+D150+F150 -> 12 | P150: =C150+E150+G150 -> 7
A151: 152 | B151: =Raw_Data!AJ152 -> 3 | C151: =Raw_Data!AK152 -> 3 | D151: =Raw_Data!AL152 -> 2 | E151: =Raw_Data!AM152 -> 4 | F151: =Raw_Data!AN152 -> 4 | G151: =Raw_Data!AO152 -> 4 | H151: =SUM(B151:G151) -> 20 | I151: =H151-B151 -> 17 | J151: =H151-C151 -> 17 | K151: =H151-D151 -> 18 | L151: =H151-E151 -> 16 | M151: =H151-F151 -> 16 | N151: =H151-G151 -> 16 | O151: =B151+D151+F151 -> 9 | P151: =C151+E151+G151 -> 11
A152: 153 | B152: =Raw_Data!AJ153 -> 4 | C152: =Raw_Data!AK153 -> 3 | D152: =Raw_Data!AL153 -> 4 | E152: =Raw_Data!AM153 -> 3 | F152: =Raw_Data!AN153 -> 3 | G152: =Raw_Data!AO153 -> 2 | H152: =SUM(B152:G152) -> 19 | I152: =H152-B152 -> 15 | J152: =H152-C152 -> 16 | K152: =H152-D152 -> 15 | L152: =H152-E152 -> 16 | M152: =H152-F152 -> 16 | N152: =H152-G152 -> 17 | O152: =B152+D152+F152 -> 11 | P152: =C152+E152+G152 -> 8
A153: 154 | B153: =Raw_Data!AJ154 -> 5 | C153: =Raw_Data!AK154 -> 2 | D153: =Raw_Data!AL154 -> 3 | E153: =Raw_Data!AM154 -> 3 | F153: =Raw_Data!AN154 -> 4 | G153: =Raw_Data!AO154 -> 3 | H153: =SUM(B153:G153) -> 20 | I153: =H153-B153 -> 15 | J153: =H153-C153 -> 18 | K153: =H153-D153 -> 17 | L153: =H153-E153 -> 17 | M153: =H153-F153 -> 16 | N153: =H153-G153 -> 17 | O153: =B153+D153+F153 -> 12 | P153: =C153+E153+G153 -> 8
... A510: 511 | B510: =Raw_Data!AJ511 -> 5 | C510: =Raw_Data!AK511 -> 2 | D510: =Raw_Data!AL511 -> 4 | E510: =Raw_Data!AM511 -> 4 | F510: =Raw_Data!AN511 -> 4 | G510: =Raw_Data!AO511 -> 3 | H510: =SUM(B510:G510) -> 22 | I510: =H510-B510 -> 17 | J510: =H510-C510 -> 20 | K510: =H510-D510 -> 18 | L510: =H510-E510 -> 18 | M510: =H510-F510 -> 18 | N510: =H510-G510 -> 19 | O510: =B510+D510+F510 -> 13 | P510: =C510+E510+G510 -> 9
A512: Raw_Data row 142 (data row 141) excluded: it is identical on all 41 variables to row 139 (data row 138). This is a sensitivity check, not a claim that the row is an error.

Sheet Raw_Data
A1: Comtd_E_car | B1: Ed_bg | C1: Gender | D1: Own_Car | E1: Own_E_Bike | F1: Own_E_Car | G1: Region | H1: F_Inc | I1: Workex | J1: Age | K1: CC1 | L1: CC2 | M1: CC3 | N1: DC1 | O1: DC2 | P1: DC3 | Q1: DC4 | R1: DC5 | S1: DC6 | T1: EB1 | U1: EB2 | V1: EC1 | W1: EC2 | X1: EC3 | Y1: EC4 | Z1: GP1 | AA1: GP2 | AB1: GP3 | AC1: GP4 | AD1: GP5 | AE1: PI1 | AF1: PI2 | AG1: PI3 | AH1: SB1 | AI1: SB2 | AJ1: TB1 | AK1: TB2 | AL1: TB3 | AM1: TB4 | AN1: TB5 | AO1: TB6
A2: 0 | B2: 4 | C2: 2 | D2: 1 | E2: 2 | F2: 2 | G2: 4 | H2: 2 | I2: 3 | J2: 27 | K2: 4 | L2: 5 | M2: 4 | N2: 4 | O2: 5 | P2: 2 | Q2: 4 | R2: 5 | S2: 4 | T2: 5 | U2: 5 | V2: 4 | W2: 4 | X2: 5 | Y2: 3 | Z2: 4 | AA2: 4 | AB2: 4 | AC2: 4 | AD2: 5 | AE2: 5 | AF2: 3 | AG2: 3 | AH2: 5 | AI2: 5 | AJ2: 4 | AK2: 5 | AL2: 4 | AM2: 4 | AN2: 4 | AO2: 4
A3: 0 | B3: 4 | C3: 1 | D3: 1 | E3: 2 | F3: 2 | G3: 3 | H3: 2 | I3: 1 | J3: 22 | K3: 2 | L3: 3 | M3: 4 | N3: 3 | O3: 5 | P3: 4 | Q3: 4 | R3: 2 | S3: 5 | T3: 5 | U3: 5 | V3: 4 | W3: 3 | X3: 4 | Y3: 5 | Z3: 4 | AA3: 3 | AB3: 2 | AC3: 1 | AD3: 1 | AE3: 4 | AF3: 4 | AG3: 3 | AH3: 4 | AI3: 3 | AJ3: 4 | AK3: 1 | AL3: 5 | AM3: 3 | AN3: 2 | AO3: 3
A4: 1 | B4: 1 | C4: 1 | D4: 1 | E4: 2 | F4: 2 | G4: 3 | H4: 2 | I4: 3 | J4: 27 | K4: 3 | L4: 3 | M4: 3 | N4: 3 | O4: 4 | P4: 3 | Q4: 2 | R4: 4 | S4: 4 | T4: 4 | U4: 3 | V4: 4 | W4: 5 | X4: 4 | Y4: 4 | Z4: 4 | AA4: 4 | AB4: 2 | AC4: 2 | AD4: 2 | AE4: 3 | AF4: 2 | AG4: 4 | AH4: 4 | AI4: 4 | AJ4: 4 | AK4: 3 | AL4: 4 | AM4: 4 | AN4: 3 | AO4: 3
A5: 0 | B5: 4 | C5: 1 | D5: 1 | E5: 2 | F5: 2 | G5: 2 | H5: 3 | I5: 2 | J5: 24 | K5: 3 | L5: 4 | M5: 2 | N5: 2 | O5: 3 | P5: 2 | Q5: 4 | R5: 2 | S5: 4 | T5: 4 | U5: 5 | V5: 4 | W5: 4 | X5: 4 | Y5: 3 | Z5: 3 | AA5: 4 | AB5: 4 | AC5: 2 | AD5: 2 | AE5: 4 | AF5: 3 | AG5: 4 | AH5: 4 | AI5: 4 | AJ5: 4 | AK5: 3 | AL5: 4 | AM5: 3 | AN5: 2 | AO5: 2
A6: 1 | B6: 4 | C6: 1 | D6: 2 | E6: 2 | F6: 2 | G6: 4 | H6: 2 | I6: 3 | J6: 24 | K6: 3 | L6: 4 | M6: 4 | N6: 3 | O6: 5 | P6: 2 | Q6: 3 | R6: 4 | S6: 5 | T6: 5 | U6: 5 | V6: 3 | W6: 3 | X6: 4 | Y6: 1 | Z6: 4 | AA6: 3 | AB6: 3 | AC6: 1 | AD6: 1 | AE6: 4 | AF6: 3 | AG6: 4 | AH6: 3 | AI6: 3 | AJ6: 3 | AK6: 5 | AL6: 5 | AM6: 4 | AN6: 4 | AO6: 4
A7: 0 | B7: 4 | C7: 1 | D7: 1 | E7: 2 | F7: 2 | G7: 4 | H7: 2 | I7: 1 | J7: 23 | K7: 3 | L7: 5 | M7: 4 | N7: 4 | O7: 5 | P7: 4 | Q7: 4 | R7: 5 | S7: 3 | T7: 5 | U7: 5 | V7: 4 | W7: 4 | X7: 5 | Y7: 2 | Z7: 4 | AA7: 4 | AB7: 4 | AC7: 4 | AD7: 4 | AE7: 5 | AF7: 3 | AG7: 4 | AH7: 4 | AI7: 5 | AJ7: 3 | AK7: 5 | AL7: 3 | AM7: 3 | AN7: 4 | AO7: 3
A8: 1 | B8: 6 | C8: 1 | D8: 1 | E8: 2 | F8: 2 | G8: 3 | H8: 1 | I8: 1 | J8: 21 | K8: 3 | L8: 4 | M8: 4 | N8: 4 | O8: 3 | P8: 2 | Q8: 3 | R8: 3 | S8: 4 | T8: 4 | U8: 4 | V8: 3 | W8: 4 | X8: 4 | Y8: 2 | Z8: 4 | AA8: 4 | AB8: 4 | AC8: 2 | AD8: 2 | AE8: 4 | AF8: 4 | AG8: 4 | AH8: 2 | AI8: 3 | AJ8: 4 | AK8: 2 | AL8: 5 | AM8: 3 | AN8: 3 | AO8: 3
B9: 1 | C9: 1 | D9: 1 | E9: 2 | F9: 2 | G9: 1 | H9: 2 | I9: 1 | J9: 23 | K9: 2 | L9: 2 | M9: 4 | N9: 3 | O9: 4 | P9: 4 | Q9: 4 | R9: 2 | S9: 4 | T9: 5 | U9: 4 | V9: 3 | W9: 4 | X9: 4 | Y9: 4 | Z9: 4 | AA9: 4 | AB9: 4 | AC9: 2 | AD9: 3 | AE9: 3 | AF9: 3 | AG9: 3 | AH9: 3 | AI9: 2 | AJ9: 3 | AK9: 4 | AL9: 4 | AM9: 4 | AN9: 2 | AO9: 4
A10: 1 | B10: 4 | C10: 2 | D10: 2 | E10: 2 | F10: 2 | G10: 3 | H10: 2 | I10: 1 | J10: 22 | K10: 3 | L10: 2 | M10: 3 | N10: 4 | O10: 4 | P10: 4 | Q10: 3 | R10: 2 | S10: 4 | T10: 5 | U10: 5 | V10: 3 | W10: 5 | X10: 3 | Y10: 4 | Z10: 5 | AA10: 4 | AB10: 2 | AC10: 2 | AD10: 3 | AE10: 3 | AF10: 4 | AG10: 4 | AH10: 4 | AI10: 4 | AJ10: 4 | AK10: 5 | AL10: 4 | AM10: 4 | AN10: 3 | AO10: 3
A11: 1 | B11: 3 | C11: 2 | D11: 2 | E11: 2 | F11: 2 | G11: 1 | H11: 1 | I11: 1 | J11: 23 | K11: 4 | L11: 4 | M11: 4 | N11: 5 | O11: 3 | P11: 2 | Q11: 3 | R11: 3 | S11: 4 | T11: 5 | U11: 2 | V11: 4 | W11: 5 | X11: 3 | Y11: 3 | Z11: 3 | AA11: 4 | AB11: 3 | AC11: 2 | AD11: 2 | AE11: 2 | AF11: 2 | AG11: 2 | AH11: 4 | AI11: 4 | AJ11: 4 | AK11: 3 | AL11: 3 | AM11: 3 | AN11: 3 | AO11: 3
A12: 1 | B12: 4 | C12: 1 | D12: 1 | E12: 2 | F12: 2 | G12: 3 | H12: 2 | I12: 2 | J12: 25 | K12: 4 | L12: 5 | M12: 5 | N12: 5 | O12: 5 | P12: 4 | Q12: 4 | R12: 4 | S12: 5 | T12: 5 | U12: 5 | V12: 2 | W12: 4 | X12: 4 | Y12: 3 | Z12: 4 | AA12: 4 | AB12: 4 | AC12: 1 | AD12: 1 | AE12: 5 | AF12: 4 | AG12: 4 | AH12: 4 | AI12: 4 | AJ12: 4 | AK12: 4 | AL12: 5 | AM12: 4 | AN12: 3 | AO12: 2
A13: 0 | B13: 4 | C13: 1 | D13: 1 | E13: 2 | F13: 2 | G13: 3 | H13: 2 | I13: 3 | J13: 27 | K13: 3 | L13: 2 | M13: 4 | N13: 3 | O13: 3 | P13: 4 | Q13: 3 | R13: 2 | S13: 4 | T13: 5 | U13: 4 | V13: 2 | W13: 3 | X13: 2 | Y13: 2 | Z13: 3 | AA13: 4 | AB13: 1 | AC13: 1 | AD13: 2 | AE13: 3 | AF13: 2 | AG13: 4 | AH13: 4 | AI13: 4 | AJ13: 2 | AK13: 4 | AL13: 5 | AM13: 2 | AN13: 1 | AO13: 2
B14: 1 | C14: 1 | D14: 2 | E14: 2 | F14: 2 | G14: 1 | H14: 2 | I14: 1 | J14: 23 | K14: 3 | L14: 4 | M14: 4 | N14: 4 | O14: 4 | P14: 4 | Q14: 4 | R14: 5 | S14: 4 | T14: 5 | U14: 5 | V14: 4 | W14: 4 | X14: 4 | Y14: 4 | Z14: 5 | AA14: 5 | AB14: 4 | AC14: 2 | AD14: 2 | AE14: 4 | AF14: 3 | AG14: 4 | AH14: 3 | AI14: 4 | AJ14: 3 | AK14: 4 | AL14: 4 | AM14: 3 | AN14: 4 | AO14: 3
A15: 0 | B15: 3 | C15: 1 | D15: 1 | E15: 2 | F15: 2 | G15: 3 | H15: 3 | I15: 2 | J15: 24 | K15: 3 | L15: 4 | M15: 3 | N15: 4 | O15: 5 | P15: 3 | Q15: 3 | R15: 4 | S15: 5 | T15: 5 | U15: 5 | V15: 3 | W15: 4 | X15: 4 | Y15: 5 | Z15: 4 | AA15: 3 | AB15: 4 | AC15: 1 | AD15: 3 | AE15: 5 | AF15: 5 | AG15: 5 | AH15: 3 | AI15: 5 | AJ15: 5 | AK15: 3 | AL15: 5 | AM15: 4 | AN15: 4 | AO15: 4
A16: 0 | B16: 2 | C16: 2 | D16: 1 | E16: 2 | F16: 2 | G16: 3 | H16: 2 | I16: 3 | J16: 23 | K16: 3 | L16: 4 | M16: 4 | N16: 3 | O16: 4 | P16: 3 | Q16: 3 | R16: 3 | S16: 4 | T16: 4 | U16: 5 | V16: 3 | W16: 5 | X16: 4 | Y16: 3 | Z16: 4 | AA16: 2 | AB16: 2 | AC16: 3 | AD16: 3 | AE16: 4 | AF16: 3 | AG16: 4 | AH16: 4 | AI16: 4 | AJ16: 4 | AK16: 4 | AL16: 4 | AM16: 3 | AN16: 3 | AO16: 3
B17: 3 | C17: 1 | D17: 2 | E17: 1 | F17: 2 | G17: 2 | H17: 2 | I17: 1 | J17: 22 | K17: 3 | L17: 2 | M17: 5 | N17: 3 | O17: 4 | P17: 2 | Q17: 4 | R17: 4 | S17: 5 | T17: 4 | U17: 4 | V17: 4 | W17: 4 | X17: 2 | Y17: 2 | Z17: 4 | AA17: 3 | AB17: 2 | AC17: 4 | AD17: 4 | AE17: 4 | AF17: 4 | AG17: 4 | AH17: 4 | AI17: 2 | AJ17: 5 | AK17: 4 | AL17: 4 | AM17: 4 | AN17: 4 | AO17: 3
A18: 0 | B18: 4 | C18: 2 | D18: 1 | E18: 2 | F18: 2 | G18: 2 | H18: 2 | I18: 3 | J18: 24 | K18: 3 | L18: 4 | M18: 2 | N18: 2 | O18: 4 | P18: 2 | Q18: 2 | R18: 3 | S18: 3 | T18: 5 | U18: 4 | V18: 3 | W18: 4 | X18: 5 | Y18: 4 | Z18: 4 | AA18: 2 | AB18: 2 | AC18: 2 | AD18: 2 | AE18: 4 | AF18: 3 | AG18: 3 | AH18: 4 | AI18: 4 | AJ18: 1 | AK18: 2 | AL18: 4 | AM18: 4 | AN18: 3 | AO18: 3
A19: 0 | B19: 4 | C19: 1 | D19: 1 | E19: 2 | F19: 2 | G19: 3 | H19: 3 | I19: 3 | J19: 24 | K19: 4 | L19: 2 | M19: 4 | N19: 4 | O19: 4 | P19: 3 | Q19: 3 | R19: 3 | S19: 3 | T19: 3 | U19: 4 | V19: 4 | W19: 4 | X19: 4 | Y19: 3 | Z19: 3 | AA19: 5 | AB19: 3 | AC19: 1 | AD19: 2 | AE19: 3 | AF19: 4 | AG19: 4 | AH19: 3 | AI19: 2 | AJ19: 5 | AK19: 2 | AL19: 5 | AM19: 3 | AN19: 3 | AO19: 4
A20: 0 | B20: 4 | C20: 1 | D20: 2 | E20: 2 | F20: 2 | G20: 4 | H20: 2 | I20: 3 | J20: 23 | K20: 3 | L20: 3 | M20: 4 | N20: 3 | O20: 4 | P20: 1 | Q20: 4 | R20: 3 | S20: 4 | T20: 5 | U20: 4 | V20: 4 | W20: 4 | X20: 4 | Y20: 3 | Z20: 4 | AA20: 4 | AB20: 2 | AC20: 2 | AD20: 3 | AE20: 3 | AF20: 3 | AG20: 4 | AH20: 3 | AI20: 2 | AJ20: 4 | AK20: 4 | AL20: 2 | AM20: 3 | AN20: 3 | AO20: 3
A21: 0 | B21: 3 | C21: 1 | D21: 1 | E21: 2 | F21: 2 | G21: 3 | H21: 3 | I21: 1 | J21: 23 | K21: 4 | L21: 4 | M21: 4 | N21: 4 | O21: 4 | P21: 3 | Q21: 4 | R21: 2 | S21: 5 | T21: 5 | U21: 5 | V21: 3 | W21: 3 | X21: 4 | Y21: 2 | Z21: 4 | AA21: 4 | AB21: 1 | AC21: 2 | AD21: 2 | AE21: 5 | AF21: 3 | AG21: 5 | AH21: 4 | AI21: 3 | AJ21: 5 | AK21: 3 | AL21: 5 | AM21: 5 | AN21: 1 | AO21: 2
A22: 1 | B22: 4 | C22: 1 | D22: 1 | E22: 2 | F22: 2 | G22: 3 | H22: 3 | I22: 3 | J22: 24 | K22: 4 | L22: 4 | M22: 4 | N22: 5 | O22: 4 | P22: 3 | Q22: 3 | R22: 3 | S22: 3 | T22: 5 | U22: 4 | V22: 4 | W22: 3 | X22: 5 | Y22: 4 | Z22: 5 | AA22: 5 | AB22: 4 | AC22: 1 | AD22: 2 | AE22: 4 | AF22: 4 | AG22: 5 | AH22: 4 | AI22: 4 | AJ22: 4 | AK22: 4 | AL22: 5 | AM22: 4 | AN22: 3 | AO22: 5
A23: 1 | B23: 4 | C23: 2 | D23: 1 | E23: 2 | F23: 2 | G23: 4 | H23: 2 | I23: 3 | J23: 25 | K23: 2 | L23: 3 | M23: 2 | N23: 2 | O23: 2 | P23: 2 | Q23: 3 | R23: 2 | S23: 4 | T23: 4 | U23: 4 | V23: 4 | W23: 4 | X23: 4 | Y23: 3 | Z23: 4 | AA23: 2 | AB23: 2 | AC23: 2 | AD23: 2 | AE23: 3 | AF23: 3 | AG23: 3 | AH23: 3 | AI23: 3 | AJ23: 3 | AK23: 3 | AL23: 4 | AM23: 3 | AN23: 2 | AO23: 3
A24: 0 | B24: 4 | C24: 2 | D24: 1 | E24: 2 | F24: 2 | G24: 2 | H24: 1 | I24: 1 | J24: 23 | K24: 4 | L24: 3 | M24: 4 | N24: 3 | O24: 3 | P24: 4 | Q24: 5 | R24: 2 | S24: 4 | T24: 4 | U24: 4 | V24: 4 | W24: 4 | X24: 4 | Y24: 3 | Z24: 3 | AA24: 5 | AB24: 4 | AC24: 2 | AD24: 2 | AE24: 3 | AF24: 2 | AG24: 4 | AH24: 3 | AI24: 4 | AJ24: 3 | AK24: 3 | AL24: 4 | AM24: 3 | AN24: 3 | AO24: 2
A25: 0 | B25: 4 | C25: 1 | D25: 2 | E25: 2 | F25: 2 | G25: 2 | H25: 1 | I25: 1 | J25: 26 | K25: 4 | L25: 2 | M25: 3 | N25: 3 | O25: 5 | P25: 4 | Q25: 4 | R25: 2 | S25: 4 | T25: 5 | U25: 4 | V25: 4 | W25: 4 | X25: 3 | Y25: 4 | Z25: 3 | AA25: 4 | AB25: 2 | AC25: 2 | AD25: 2 | AE25: 4 | AF25: 4 | AG25: 4 | AH25: 3 | AI25: 4 | AJ25: 4 | AK25: 4 | AL25: 5 | AM25: 3 | AN25: 3 | AO25: 2
A26: 0 | B26: 4 | C26: 1 | D26: 1 | E26: 2 | F26: 2 | G26: 4 | H26: 3 | I26: 3 | J26: 25 | K26: 3 | L26: 4 | M26: 4 | N26: 3 | O26: 5 | P26: 4 | Q26: 4 | R26: 4 | S26: 4 | T26: 4 | U26: 4 | V26: 4 | W26: 4 | X26: 4 | Y26: 4 | Z26: 4 | AA26: 4 | AB26: 4 | AC26: 2 | AD26: 2 | AE26: 4 | AF26: 3 | AG26: 4 | AH26: 4 | AI26: 4 | AJ26: 4 | AK26: 4 | AL26: 5 | AM26: 4 | AN26: 3 | AO26: 4
A27: 0 | B27: 4 | C27: 1 | D27: 2 | E27: 2 | F27: 2 | G27: 1 | H27: 1 | I27: 3 | J27: 25 | K27: 3 | L27: 3 | M27: 4 | N27: 3 | O27: 4 | P27: 4 | Q27: 3 | R27: 4 | S27: 4 | T27: 5 | U27: 5 | V27: 4 | W27: 4 | X27: 3 | Y27: 3 | Z27: 4 | AA27: 4 | AB27: 4 | AC27: 2 | AD27: 2 | AE27: 4 | AF27: 3 | AG27: 4 | AH27: 3 | AI27: 4 | AJ27: 4 | AK27: 4 | AL27: 5 | AM27: 5 | AN27: 3 | AO27: 3
A28: 0 | B28: 3 | C28: 1 | D28: 1 | E28: 2 | F28: 2 | G28: 3 | H28: 2 | I28: 1 | J28: 24 | K28: 3 | L28: 3 | M28: 4 | N28: 2 | O28: 4 | P28: 2 | Q28: 2 | R28: 2 | S28: 4 | T28: 4 | U28: 4 | V28: 4 | W28: 4 | X28: 2 | Y28: 4 | Z28: 4 | AA28: 4 | AB28: 2 | AC28: 1 | AD28: 2 | AE28: 4 | AF28: 2 | AG28: 4 | AH28: 2 | AI28: 2 | AJ28: 2 | AK28: 2 | AL28: 4 | AM28: 4 | AN28: 2 | AO28: 3
A29: 0 | B29: 3 | C29: 1 | D29: 1 | E29: 2 | F29: 2 | G29: 2 | H29: 2 | I29: 1 | J29: 22 | K29: 2 | L29: 3 | M29: 2 | N29: 3 | O29: 4 | P29: 4 | Q29: 4 | R29: 3 | S29: 3 | T29: 5 | U29: 4 | V29: 4 | W29: 3 | X29: 2 | Y29: 3 | Z29: 4 | AA29: 4 | AB29: 2 | AC29: 1 | AD29: 2 | AE29: 4 | AF29: 3 | AG29: 4 | AH29: 4 | AI29: 4 | AJ29: 4 | AK29: 2 | AL29: 5 | AM29: 4 | AN29: 3 | AO29: 2
... A98: 0 | B98: 3 | C98: 2 | D98: 1 | E98: 2 | F98: 2 | G98: 1 | H98: 2 | I98: 1 | J98: 22 | K98: 4 | L98: 2 | M98: 4 | N98: 4 | O98: 3 | P98: 2 | Q98: 4 | R98: 4 | S98: 3 | T98: 5 | U98: 4 | V98: 4 | W98: 5 | X98: 4 | Y98: 4 | Z98: 3 | AA98: 4 | AB98: 1 | AC98: 1 | AD98: 4 | AE98: 3 | AF98: 2 | AG98: 3 | AH98: 3 | AI98: 4 | AJ98: 5 | AK98: 3 | AL98: 3 | AM98: 3 | AN98: 4 | AO98: 3
B99: 1 | C99: 1 | D99: 1 | E99: 2 | F99: 2 | G99: 1 | H99: 1 | I99: 2 | J99: 24 | K99: 3 | L99: 3 | M99: 3 | N99: 3 | O99: 4 | P99: 2 | Q99: 4 | R99: 2 | S99: 4 | T99: 4 | U99: 4 | V99: 4 | W99: 4 | X99: 3 | Y99: 1 | Z99: 4 | AA99: 4 | AB99: 2 | AC99: 2 | AD99: 3 | AE99: 3 | AF99: 3 | AG99: 3 | AH99: 4 | AI99: 4 | AJ99: 4 | AK99: 4 | AL99: 4 | AM99: 2 | AN99: 3 | AO99: 3
A100: 0 | B100: 3 | C100: 1 | D100: 1 | E100: 2 | F100: 2 | G100: 1 | H100: 2 | I100: 1 | J100: 25 | K100: 3 | L100: 3 | M100: 2 | N100: 3 | O100: 3 | P100: 4 | Q100: 4 | R100: 4 | S100: 5 | T100: 3 | U100: 4 | V100: 3 | W100: 5 | X100: 3 | Y100: 3 | Z100: 4 | AA100: 4 | AB100: 2 | AC100: 3 | AD100: 2 | AE100: 4 | AF100: 2 | AG100: 4 | AH100: 3 | AI100: 4 | AJ100: 5 | AK100: 4 | AL100: 5 | AM100: 5 | AN100: 5 | AO100: 3
A101: 0 | B101: 3 | C101: 1 | D101: 2 | E101: 2 | F101: 2 | G101: 1 | H101: 1 | I101: 1 | J101: 23 | K101: 4 | L101: 3 | M101: 4 | N101: 4 | O101: 3 | P101: 4 | Q101: 3 | R101: 3 | S101: 4 | T101: 4 | U101: 4 | V101: 4 | W101: 4 | X101: 4 | Y101: 2 | Z101: 4 | AA101: 3 | AB101: 3 | AC101: 2 | AD101: 3 | AE101: 3 | AF101: 3 | AG101: 3 | AH101: 3 | AI101: 3 | AJ101: 4 | AK101: 3 | AL101: 4 | AM101: 4 | AN101: 2 | AO101: 3
A102: 0 | B102: 3 | C102: 1 | D102: 1 | E102: 2 | F102: 2 | G102: 1 | H102: 2 | I102: 1 | J102: 24 | K102: 3 | L102: 5 | M102: 3 | N102: 4 | O102: 4 | P102: 4 | Q102: 3 | R102: 4 | S102: 4 | T102: 4 | U102: 4 | V102: 4 | W102: 4 | X102: 4 | Y102: 4 | Z102: 4 | AA102: 3 | AB102: 3 | AC102: 3 | AD102: 2 | AE102: 3 | AF102: 3 | AG102: 3 | AH102: 4 | AI102: 4 | AJ102: 5 | AK102: 3 | AL102: 5 | AM102: 4 | AN102: 4 | AO102: 4
B103: 4 | C103: 1 | D103: 1 | E103: 2 | F103: 2 | G103: 2 | H103: 3 | I103: 3 | J103: 26 | K103: 3 | L103: 3 | M103: 5 | N103: 5 | O103: 5 | P103: 4 | Q103: 4 | R103: 5 | S103: 5 | T103: 5 | U103: 5 | V103: 4 | W103: 2 | X103: 3 | Y103: 2 | Z103: 2 | AA103: 2 | AB103: 2 | AC103: 3 | AD103: 3 | AE103: 5 | AF103: 5 | AG103: 5 | AH103: 4 | AI103: 5 | AJ103: 5 | AK103: 5 | AL103: 5 | AM103: 5 | AN103: 3 | AO103: 4
A104: 0 | B104: 6 | C104: 2 | D104: 1 | E104: 2 | F104: 2 | G104: 1 | H104: 3 | I104: 1 | J104: 23 | K104: 3 | L104: 4 | M104: 4 | N104: 3 | O104: 3 | P104: 3 | Q104: 4 | R104: 4 | S104: 4 | T104: 4 | U104: 4 | V104: 4 | W104: 4 | X104: 4 | Y104: 4 | Z104: 4 | AA104: 4 | AB104: 4 | AC104: 2 | AD104: 4 | AE104: 3 | AF104: 2 | AG104: 4 | AH104: 4 | AI104: 4 | AJ104: 4 | AK104: 3 | AL104: 3 | AM104: 3 | AN104: 2 | AO104: 4
A105: 0 | B105: 4 | C105: 1 | D105: 1 | E105: 2 | F105: 2 | G105: 3 | H105: 2 | I105: 1 | J105: 24 | K105: 4 | L105: 3 | M105: 4 | N105: 3 | O105: 4 | P105: 2 | Q105: 4 | R105: 2 | S105: 3 | T105: 4 | U105: 4 | V105: 2 | W105: 2 | X105: 4 | Y105: 2 | Z105: 3 | AA105: 4 | AB105: 2 | AC105: 4 | AD105: 3 | AE105: 3 | AF105: 4 | AG105: 4 | AH105: 4 | AI105: 4 | AJ105: 4 | AK105: 2 | AL105: 5 | AM105: 4 | AN105: 2 | AO105: 3
A106: 0 | B106: 4 | C106: 1 | D106: 1 | E106: 2 | F106: 2 | G106: 4 | H106: 2 | I106: 1 | J106: 22 | K106: 4 | L106: 1 | M106: 2 | N106: 1 | O106: 1 | P106: 2 | Q106: 1 | R106: 1 | S106: 4 | T106: 5 | U106: 5 | V106: 4 | W106: 4 | X106: 4 | Y106: 2 | Z106: 4 | AA106: 4 | AB106: 5 | AC106: 1 | AD106: 1 | AE106: 2 | AF106: 1 | AG106: 2 | AH106: 5 | AI106: 4 | AJ106: 2 | AK106: 2 | AL106: 4 | AM106: 2 | AN106: 4 | AO106: 1
A107: 1 | B107: 4 | C107: 1 | D107: 1 | E107: 1 | F107: 2 | G107: 2 | H107: 2 | I107: 3 | J107: 25 | K107: 4 | L107: 2 | M107: 4 | N107: 4 | O107: 4 | P107: 2 | Q107: 3 | R107: 1 | S107: 5 | T107: 5 | U107: 5 | V107: 3 | W107: 2 | X107: 2 | Y107: 1 | Z107: 3 | AA107: 3 | AB107: 4 | AC107: 1 | AD107: 2 | AE107: 5 | AF107: 5 | AG107: 5 | AH107: 4 | AI107: 4 | AJ107: 5 | AK107: 2 | AL107: 5 | AM107: 3 | AN107: 4 | AO107: 1
A108: 0 | B108: 1 | C108: 2 | D108: 1 | E108: 2 | F108: 2 | G108: 1 | H108: 2 | I108: 1 | J108: 23 | K108: 4 | L108: 4 | M108: 4 | N108: 4 | O108: 4 | P108: 4 | Q108: 4 | R108: 4 | S108: 4 | T108: 3 | U108: 4 | V108: 4 | W108: 4 | X108: 3 | Y108: 3 | Z108: 4 | AA108: 4 | AB108: 2 | AC108: 4 | AD108: 3 | AE108: 4 | AF108: 2 | AG108: 4 | AH108: 3 | AI108: 4 | AJ108: 4 | AK108: 3 | AL108: 3 | AM108: 3 | AN108: 3 | AO108: 3
A109: 1 | B109: 3 | C109: 1 | D109: 1 | E109: 2 | F109: 2 | G109: 4 | H109: 3 | I109: 3 | J109: 24 | K109: 3 | L109: 3 | M109: 3 | N109: 3 | O109: 3 | P109: 3 | Q109: 3 | R109: 4 | S109: 4 | T109: 5 | U109: 4 | V109: 4 | W109: 4 | X109: 4 | Y109: 3 | Z109: 4 | AA109: 4 | AB109: 2 | AC109: 1 | AD109: 1 | AE109: 2 | AF109: 2 | AG109: 3 | AH109: 2 | AI109: 2 | AJ109: 3 | AK109: 3 | AL109: 3 | AM109: 2 | AN109: 2 | AO109: 2
A110: 0 | B110: 4 | C110: 2 | D110: 1 | E110: 2 | F110: 2 | G110: 2 | H110: 3 | I110: 1 | J110: 24 | K110: 3 | L110: 4 | M110: 2 | N110: 4 | O110: 4 | P110: 3 | Q110: 4 | R110: 5 | S110: 4 | T110: 5 | U110: 4 | V110: 3 | W110: 4 | X110: 4 | Y110: 3 | Z110: 4 | AA110: 4 | AB110: 4 | AC110: 2 | AD110: 3 | AE110: 4 | AF110: 2 | AG110: 4 | AH110: 4 | AI110: 4 | AJ110: 3 | AK110: 2 | AL110: 2 | AM110: 3 | AN110: 2 | AO110: 2
A111: 1 | B111: 4 | C111: 2 | D111: 1 | E111: 2 | F111: 2 | G111: 2 | H111: 2 | I111: 1 | J111: 23 | K111: 4 | L111: 4 | M111: 5 | N111: 3 | O111: 4 | P111: 4 | Q111: 5 | R111: 4 | S111: 4 | T111: 5 | U111: 5 | V111: 4 | W111: 3 | X111: 4 | Y111: 2 | Z111: 5 | AA111: 4 | AB111: 4 | AC111: 4 | AD111: 3 | AE111: 4 | AF111: 3 | AG111: 5 | AH111: 5 | AI111: 4 | AJ111: 5 | AK111: 3 | AL111: 5 | AM111: 4 | AN111: 2 | AO111: 4
A112: 0 | B112: 4 | C112: 1 | D112: 1 | E112: 2 | F112: 2 | G112: 2 | H112: 1 | I112: 1 | J112: 23 | K112: 3 | L112: 3 | M112: 4 | N112: 3 | O112: 2 | P112: 2 | Q112: 2 | R112: 4 | S112: 3 | T112: 3 | U112: 4 | V112: 4 | W112: 4 | X112: 4 | Y112: 4 | Z112: 4 | AA112: 4 | AB112: 4 | AC112: 3 | AD112: 2 | AE112: 3 | AF112: 2 | AG112: 4 | AH112: 4 | AI112: 4 | AJ112: 4 | AK112: 4 | AL112: 4 | AM112: 4 | AN112: 2 | AO112: 3
A113: 1 | B113: 1 | C113: 1 | D113: 1 | E113: 2 | F113: 2 | G113: 1 | H113: 2 | I113: 1 | J113: 23 | K113: 2 | L113: 2 | M113: 1 | N113: 2 | O113: 3 | P113: 1 | Q113: 1 | R113: 2 | S113: 2 | T113: 3 | U113: 4 | V113: 2 | W113: 4 | X113: 2 | Y113: 4 | Z113: 5 | AA113: 1 | AB113: 2 | AC113: 3 | AD113: 3 | AE113: 1 | AF113: 1 | AG113: 4 | AH113: 2 | AI113: 4 | AJ113: 2 | AK113: 5 | AL113: 3 | AM113: 2 | AN113: 2 | AO113: 5
A114: 0 | B114: 4 | C114: 2 | D114: 1 | E114: 2 | F114: 2 | G114: 1 | H114: 3 | I114: 1 | J114: 23 | K114: 2 | L114: 4 | M114: 4 | N114: 3 | O114: 4 | P114: 2 | Q114: 3 | R114: 3 | S114: 1 | T114: 4 | U114: 5 | V114: 4 | W114: 3 | X114: 4 | Y114: 2 | Z114: 4 | AA114: 4 | AB114: 4 | AC114: 3 | AD114: 4 | AE114: 4 | AF114: 3 | AG114: 4 | AH114: 2 | AI114: 3 | AJ114: 3 | AK114: 4 | AL114: 3 | AM114: 3 | AN114: 4 | AO114: 2
A115: 0 | B115: 4 | C115: 1 | D115: 1 | E115: 2 | F115: 2 | G115: 2 | H115: 3 | I115: 1 | J115: 22 | K115: 3 | L115: 4 | M115: 4 | N115: 4 | O115: 5 | P115: 4 | Q115: 4 | R115: 1 | S115: 3 | T115: 4 | U115: 4 | V115: 4 | W115: 4 | X115: 4 | Y115: 3 | Z115: 4 | AA115: 5 | AB115: 4 | AC115: 1 | AD115: 1 | AE115: 3 | AF115: 3 | AG115: 4 | AH115: 3 | AI115: 4 | AJ115: 4 | AK115: 4 | AL115: 4 | AM115: 3 | AN115: 4 | AO115: 2
... A117: 0 | B117: 4 | C117: 1 | D117: 1 | E117: 2 | F117: 2 | G117: 2 | H117: 2 | I117: 1 | J117: 23 | K117: 3 | L117: 3 | M117: 2 | N117: 3 | O117: 3 | P117: 4 | Q117: 2 | R117: 3 | S117: 4 | T117: 3 | U117: 4 | V117: 3 | W117: 4 | X117: 4 | Y117: 2 | Z117: 4 | AA117: 4 | AB117: 4 | AC117: 4 | AD117: 4 | AE117: 2 | AF117: 2 | AG117: 4 | AH117: 4 | AI117: 3 | AJ117: 4 | AK117: 4 | AL117: 4 | AM117: 3 | AN117: 4 | AO117: 4
B118: 4 | C118: 2 | D118: 1 | E118: 2 | F118: 2 | G118: 2 | H118: 3 | I118: 1 | J118: 22 | K118: 3 | L118: 4 | M118: 4 | N118: 3 | O118: 5 | P118: 4 | Q118: 4 | R118: 4 | S118: 5 | T118: 5 | U118: 5 | V118: 4 | W118: 5 | X118: 3 | Y118: 3 | Z118: 5 | AA118: 4 | AB118: 2 | AC118: 2 | AD118: 3 | AE118: 5 | AF118: 5 | AG118: 4 | AH118: 4 | AI118: 3 | AJ118: 4 | AK118: 3 | AL118: 4 | AM118: 3 | AN118: 4 | AO118: 3
A119: 0 | B119: 4 | C119: 2 | D119: 1 | E119: 2 | F119: 2 | G119: 2 | H119: 3 | I119: 3 | J119: 26 | K119: 3 | L119: 3 | M119: 4 | N119: 2 | O119: 4 | P119: 4 | Q119: 3 | R119: 3 | S119: 4 | T119: 5 | U119: 4 | V119: 2 | W119: 3 | X119: 3 | Y119: 2 | Z119: 2 | AA119: 4 | AB119: 2 | AC119: 1 | AD119: 1 | AE119: 3 | AF119: 1 | AG119: 2 | AH119: 4 | AI119: 4 | AJ119: 2 | AK119: 3 | AL119: 4 | AM119: 3 | AN119: 4 | AO119: 2
A120: 1 | B120: 3 | C120: 2 | D120: 1 | E120: 2 | F120: 2 | G120: 3 | H120: 1 | I120: 3 | J120: 24 | K120: 2 | L120: 4 | M120: 3 | N120: 4 | O120: 4 | P120: 4 | Q120: 2 | R120: 4 | S120: 4 | T120: 4 | U120: 4 | V120: 4 | W120: 4 | X120: 4 | Y120: 4 | Z120: 4 | AA120: 4 | AB120: 1 | AC120: 4 | AD120: 2 | AE120: 3 | AF120: 2 | AG120: 3 | AH120: 3 | AI120: 2 | AJ120: 2 | AK120: 4 | AL120: 2 | AM120: 4 | AN120: 3 | AO120: 3
B121: 3 | C121: 1 | D121: 1 | E121: 2 | F121: 2 | G121: 2 | H121: 2 | I121: 1 | J121: 23 | K121: 4 | L121: 3 | M121: 4 | N121: 4 | O121: 4 | P121: 2 | Q121: 3 | R121: 3 | S121: 5 | T121: 4 | U121: 3 | V121: 4 | W121: 1 | X121: 2 | Y121: 5 | Z121: 4 | AA121: 3 | AB121: 4 | AC121: 4 | AD121: 1 | AE121: 4 | AF121: 3 | AG121: 4 | AH121: 1 | AI121: 4 | AJ121: 3 | AK121: 2 | AL121: 3 | AM121: 3 | AN121: 1 | AO121: 3
B122: 4 | C122: 1 | D122: 1 | E122: 2 | F122: 2 | G122: 1 | H122: 2 | I122: 3 | J122: 29 | K122: 3 | L122: 4 | M122: 4 | N122: 4 | O122: 3 | P122: 4 | Q122: 4 | R122: 2 | S122: 4 | T122: 4 | U122: 4 | V122: 4 | W122: 4 | X122: 3 | Y122: 3 | Z122: 4 | AA122: 3 | AB122: 3 | AC122: 2 | AD122: 2 | AE122: 4 | AF122: 4 | AG122: 4 | AH122: 4 | AI122: 4 | AJ122: 2 | AK122: 2 | AL122: 4 | AM122: 3 | AN122: 2 | AO122: 3
A123: 0 | B123: 1 | C123: 1 | D123: 2 | E123: 2 | F123: 2 | G123: 4 | H123: 3 | I123: 3 | J123: 26 | K123: 4 | L123: 4 | M123: 2 | N123: 4 | O123: 1 | P123: 3 | Q123: 2 | R123: 1 | S123: 4 | T123: 1 | U123: 4 | V123: 1 | W123: 2 | X123: 1 | Y123: 3 | Z123: 2 | AA123: 4 | AB123: 3 | AC123: 1 | AD123: 1 | AE123: 3 | AF123: 2 | AG123: 2 | AH123: 4 | AI123: 3 | AJ123: 5 | AK123: 1 | AL123: 4 | AM123: 3 | AN123: 2 | AO123: 2
A124: 1 | B124: 4 | C124: 1 | D124: 1 | E124: 2 | F124: 2 | G124: 2 | H124: 2 | I124: 2 | J124: 24 | K124: 5 | L124: 3 | M124: 4 | N124: 4 | O124: 5 | P124: 4 | Q124: 4 | R124: 4 | S124: 5 | T124: 5 | U124: 5 | V124: 4 | W124: 5 | X124: 4 | Y124: 4 | Z124: 5 | AA124: 5 | AB124: 5 | AC124: 2 | AD124: 4 | AE124: 4 | AF124: 4 | AG124: 5 | AH124: 5 | AI124: 4 | AJ124: 5 | AK124: 4 | AL124: 5 | AM124: 5 | AN124: 2 | AO124: 4
A125: 0 | B125: 3 | C125: 2 | D125: 1 | E125: 2 | F125: 2 | G125: 3 | H125: 3 | I125: 3 | J125: 26 | K125: 3 | L125: 3 | M125: 3 | N125: 3 | O125: 3 | P125: 3 | Q125: 3 | R125: 4 | S125: 5 | T125: 5 | U125: 5 | V125: 4 | W125: 4 | X125: 4 | Y125: 3 | Z125: 4 | AA125: 4 | AB125: 2 | AC125: 2 | AD125: 3 | AE125: 4 | AF125: 4 | AG125: 5 | AH125: 3 | AI125: 4 | AJ125: 4 | AK125: 3 | AL125: 4 | AM125: 3 | AN125: 3 | AO125: 3
A126: 0 | B126: 4 | C126: 2 | D126: 2 | E126: 1 | F126: 1 | G126: 4 | H126: 1 | I126: 3 | J126: 26 | K126: 3 | L126: 3 | M126: 3 | N126: 2 | O126: 4 | P126: 4 | Q126: 3 | R126: 3 | S126: 5 | T126: 3 | U126: 4 | V126: 3 | W126: 3 | X126: 4 | Y126: 2 | Z126: 2 | AA126: 3 | AB126: 4 | AC126: 2 | AD126: 3 | AE126: 4 | AF126: 3 | AG126: 4 | AH126: 4 | AI126: 4 | AJ126: 5 | AK126: 3 | AL126: 3 | AM126: 3 | AN126: 3 | AO126: 2
A127: 1 | B127: 4 | C127: 1 | D127: 1 | E127: 2 | F127: 2 | G127: 2 | H127: 3 | I127: 3 | J127: 26 | K127: 2 | L127: 4 | M127: 2 | N127: 3 | O127: 5 | P127: 2 | Q127: 2 | R127: 2 | S127: 5 | T127: 5 | U127: 5 | V127: 4 | W127: 5 | X127: 5 | Y127: 4 | Z127: 4 | AA127: 4 | AB127: 2 | AC127: 2 | AD127: 2 | AE127: 4 | AF127: 3 | AG127: 4 | AH127: 3 | AI127: 4 | AJ127: 4 | AK127: 3 | AL127: 5 | AM127: 4 | AN127: 4 | AO127: 2
A128: 0 | B128: 1 | C128: 1 | D128: 1 | E128: 2 | F128: 2 | G128: 2 | H128: 3 | I128: 3 | J128: 25 | K128: 3 | L128: 4 | M128: 5 | N128: 5 | O128: 2 | P128: 4 | Q128: 5 | R128: 3 | S128: 5 | T128: 5 | U128: 4 | V128: 3 | W128: 5 | X128: 5 | Y128: 4 | Z128: 4 | AA128: 5 | AB128: 3 | AC128: 2 | AD128: 4 | AE128: 4 | AF128: 4 | AG128: 4 | AH128: 2 | AI128: 3 | AJ128: 5 | AK128: 4 | AL128: 5 | AM128: 4 | AN128: 4 | AO128: 4
B129: 4 | C129: 2 | D129: 1 | E129: 2 | F129: 2 | G129: 3 | H129: 2 | I129: 1 | J129: 22 | K129: 3 | L129: 2 | M129: 4 | N129: 3 | O129: 4 | P129: 2 | Q129: 2 | R129: 3 | S129: 3 | T129: 4 | U129: 3 | V129: 3 | W129: 4 | X129: 3 | Y129: 2 | Z129: 3 | AA129: 4 | AB129: 3 | AC129: 2 | AD129: 3 | AE129: 3 | AF129: 3 | AG129: 3 | AH129: 3 | AI129: 3 | AJ129: 4 | AK129: 4 | AL129: 4 | AM129: 3 | AN129: 3 | AO129: 2
A130: 0 | B130: 3 | C130: 2 | D130: 1 | E130: 2 | F130: 2 | G130: 1 | H130: 2 | I130: 1 | J130: 23 | K130: 3 | L130: 3 | M130: 4 | N130: 2 | O130: 4 | P130: 4 | Q130: 4 | R130: 3 | S130: 4 | T130: 4 | U130: 4 | V130: 3 | W130: 2 | X130: 3 | Y130: 3 | Z130: 2 | AA130: 4 | AB130: 3 | AC130: 2 | AD130: 2 | AE130: 2 | AF130: 2 | AG130: 2 | AH130: 5 | AI130: 4 | AJ130: 4 | AK130: 4 | AL130: 5 | AM130: 3 | AN130: 2 | AO130: 3
A131: 1 | B131: 3 | C131: 1 | D131: 2 | E131: 2 | F131: 2 | G131: 1 | H131: 1 | I131: 2 | J131: 21 | K131: 3 | L131: 4 | M131: 2 | N131: 2 | O131: 4 | P131: 2 | Q131: 2 | R131: 2 | S131: 4 | T131: 3 | U131: 4 | V131: 3 | W131: 5 | X131: 4 | Y131: 4 | Z131: 5 | AA131: 2 | AB131: 2 | AC131: 2 | AD131: 2 | AE131: 4 | AF131: 2 | AG131: 3 | AH131: 4 | AI131: 4 | AJ131: 2 | AK131: 2 | AL131: 3 | AM131: 2 | AN131: 2 | AO131: 2
A132: 0 | B132: 4 | C132: 1 | D132: 1 | E132: 2 | F132: 2 | G132: 2 | H132: 1 | I132: 2 | J132: 23 | K132: 2 | L132: 2 | M132: 5 | N132: 3 | O132: 4 | P132: 4 | Q132: 3 | R132: 4 | S132: 4 | T132: 5 | U132: 5 | V132: 4 | W132: 4 | X132: 4 | Y132: 3 | Z132: 4 | AA132: 5 | AB132: 3 | AC132: 1 | AD132: 2 | AE132: 3 | AF132: 2 | AG132: 4 | AH132: 3 | AI132: 3 | AJ132: 3 | AK132: 5 | AL132: 5 | AM132: 2 | AN132: 3 | AO132: 2
B133: 2 | C133: 1 | D133: 1 | E133: 2 | F133: 2 | G133: 1 | H133: 2 | I133: 1 | J133: 22 | K133: 3 | L133: 3 | M133: 4 | N133: 4 | O133: 3 | P133: 3 | Q133: 3 | R133: 4 | S133: 4 | T133: 4 | U133: 4 | V133: 3 | W133: 4 | X133: 4 | Y133: 3 | Z133: 4 | AA133: 4 | AB133: 4 | AC133: 1 | AD133: 3 | AE133: 4 | AF133: 4 | AG133: 4 | AH133: 4 | AI133: 4 | AJ133: 2 | AK133: 2 | AL133: 4 | AM133: 3 | AN133: 2 | AO133: 3
A134: 1 | B134: 1 | C134: 1 | D134: 1 | E134: 2 | F134: 2 | G134: 3 | H134: 1 | I134: 3 | J134: 25 | K134: 4 | L134: 4 | M134: 5 | N134: 5 | O134: 5 | P134: 4 | Q134: 2 | R134: 2 | S134: 4 | T134: 5 | U134: 5 | V134: 5 | W134: 5 | X134: 5 | Y134: 5 | Z134: 5 | AA134: 4 | AB134: 1 | AC134: 1 | AD134: 1 | AE134: 4 | AF134: 3 | AG134: 4 | AH134: 5 | AI134: 5 | AJ134: 4 | AK134: 3 | AL134: 5 | AM134: 4 | AN134: 2 | AO134: 3
A135: 0 | B135: 4 | C135: 1 | D135: 1 | E135: 2 | F135: 2 | G135: 1 | H135: 2 | I135: 1 | J135: 25 | K135: 4 | L135: 4 | M135: 2 | N135: 4 | O135: 5 | P135: 5 | Q135: 5 | R135: 2 | S135: 3 | T135: 5 | U135: 4 | V135: 5 | W135: 5 | X135: 5 | Y135: 5 | Z135: 5 | AA135: 5 | AB135: 3 | AC135: 2 | AD135: 2 | AE135: 3 | AF135: 2 | AG135: 5 | AH135: 4 | AI135: 4 | AJ135: 4 | AK135: 5 | AL135: 5 | AM135: 5 | AN135: 2 | AO135: 3
B136: 4 | C136: 2 | D136: 1 | E136: 2 | F136: 2 | G136: 2 | H136: 3 | I136: 1 | J136: 26 | K136: 4 | L136: 4 | M136: 4 | N136: 4 | O136: 2 | P136: 4 | Q136: 4 | R136: 2 | S136: 4 | T136: 4 | U136: 4 | V136: 4 | W136: 4 | X136: 2 | Y136: 3 | Z136: 3 | AA136: 5 | AB136: 4 | AC136: 2 | AD136: 2 | AE136: 4 | AF136: 3 | AG136: 5 | AH136: 2 | AI136: 2 | AJ136: 4 | AK136: 2 | AL136: 4 | AM136: 3 | AN136: 2 | AO136: 4
A137: 1 | B137: 3 | C137: 1 | D137: 1 | E137: 2 | F137: 2 | G137: 1 | H137: 3 | I137: 1 | J137: 23 | K137: 3 | L137: 2 | M137: 4 | N137: 3 | O137: 5 | P137: 1 | Q137: 4 | R137: 2 | S137: 4 | T137: 4 | U137: 4 | V137: 4 | W137: 3 | X137: 2 | Y137: 3 | Z137: 3 | AA137: 5 | AB137: 1 | AC137: 2 | AD137: 2 | AE137: 1 | AF137: 2 | AG137: 2 | AH137: 4 | AI137: 4 | AJ137: 4 | AK137: 2 | AL137: 4 | AM137: 2 | AN137: 2 | AO137: 3
A138: 1 | B138: 4 | C138: 1 | D138: 1 | E138: 2 | F138: 2 | G138: 1 | H138: 3 | I138: 1 | J138: 23 | K138: 2 | L138: 3 | M138: 3 | N138: 3 | O138: 3 | P138: 2 | Q138: 3 | R138: 3 | S138: 4 | T138: 4 | U138: 4 | V138: 4 | W138: 4 | X138: 4 | Y138: 4 | Z138: 4 | AA138: 3 | AB138: 3 | AC138: 2 | AD138: 2 | AE138: 3 | AF138: 2 | AG138: 4 | AH138: 3 | AI138: 3 | AJ138: 4 | AK138: 4 | AL138: 3 | AM138: 4 | AN138: 3 | AO138: 2
A139: 0 | B139: 3 | C139: 1 | D139: 1 | E139: 2 | F139: 2 | G139: 1 | H139: 3 | I139: 1 | J139: 25 | K139: 5 | L139: 3 | M139: 5 | N139: 4 | O139: 5 | P139: 5 | Q139: 3 | R139: 1 | S139: 4 | T139: 5 | U139: 4 | V139: 3 | W139: 4 | X139: 3 | Y139: 3 | Z139: 4 | AA139: 5 | AB139: 4 | AC139: 1 | AD139: 2 | AE139: 3 | AF139: 1 | AG139: 4 | AH139: 3 | AI139: 5 | AJ139: 4 | AK139: 5 | AL139: 5 | AM139: 4 | AN139: 2 | AO139: 3
A140: 1 | B140: 3 | C140: 2 | D140: 1 | E140: 2 | F140: 2 | G140: 3 | H140: 2 | I140: 1 | J140: 25 | K140: 2 | L140: 1 | M140: 3 | N140: 1 | O140: 3 | P140: 2 | Q140: 3 | R140: 2 | S140: 3 | T140: 2 | U140: 3 | V140: 3 | W140: 4 | X140: 3 | Y140: 3 | Z140: 3 | AA140: 3 | AB140: 2 | AC140: 1 | AD140: 2 | AE140: 1 | AF140: 1 | AG140: 2 | AH140: 1 | AI140: 1 | AJ140: 2 | AK140: 2 | AL140: 1 | AM140: 2 | AN140: 2 | AO140: 1
A141: 0 | B141: 4 | C141: 1 | D141: 1 | E141: 2 | F141: 2 | G141: 3 | H141: 2 | I141: 3 | J141: 27 | K141: 3 | L141: 4 | M141: 3 | N141: 3 | O141: 3 | P141: 3 | Q141: 4 | R141: 3 | S141: 4 | T141: 5 | U141: 5 | V141: 4 | W141: 5 | X141: 3 | Y141: 4 | Z141: 4 | AA141: 4 | AB141: 3 | AC141: 3 | AD141: 3 | AE141: 4 | AF141: 4 | AG141: 4 | AH141: 4 | AI141: 4 | AJ141: 4 | AK141: 3 | AL141: 4 | AM141: 3 | AN141: 3 | AO141: 3
A142: 0 | B142: 3 | C142: 1 | D142: 1 | E142: 2 | F142: 2 | G142: 1 | H142: 3 | I142: 1 | J142: 25 | K142: 5 | L142: 3 | M142: 5 | N142: 4 | O142: 5 | P142: 5 | Q142: 3 | R142: 1 | S142: 4 | T142: 5 | U142: 4 | V142: 3 | W142: 4 | X142: 3 | Y142: 3 | Z142: 4 | AA142: 5 | AB142: 4 | AC142: 1 | AD142: 2 | AE142: 3 | AF142: 1 | AG142: 4 | AH142: 3 | AI142: 5 | AJ142: 4 | AK142: 5 | AL142: 5 | AM142: 4 | AN142: 2 | AO142: 3
A143: 0 | B143: 4 | C143: 1 | D143: 1 | E143: 2 | F143: 2 | G143: 1 | H143: 1 | I143: 3 | J143: 25 | K143: 3 | L143: 2 | M143: 4 | N143: 3 | O143: 4 | P143: 2 | Q143: 3 | R143: 4 | S143: 4 | T143: 4 | U143: 4 | V143: 4 | W143: 5 | X143: 4 | Y143: 4 | Z143: 4 | AA143: 4 | AB143: 2 | AC143: 2 | AD143: 4 | AE143: 4 | AF143: 2 | AG143: 3 | AH143: 4 | AI143: 4 | AJ143: 4 | AK143: 4 | AL143: 4 | AM143: 2 | AN143: 3 | AO143: 4
A144: 0 | B144: 4 | C144: 2 | D144: 1 | E144: 2 | F144: 2 | G144: 2 | H144: 2 | I144: 1 | J144: 23 | K144: 3 | L144: 4 | M144: 3 | N144: 3 | O144: 3 | P144: 3 | Q144: 4 | R144: 2 | S144: 5 | T144: 5 | U144: 5 | V144: 4 | W144: 4 | X144: 4 | Y144: 4 | Z144: 4 | AA144: 4 | AB144: 4 | AC144: 3 | AD144: 3 | AE144: 3 | AF144: 4 | AG144: 4 | AH144: 4 | AI144: 3 | AJ144: 4 | AK144: 3 | AL144: 5 | AM144: 3 | AN144: 3 | AO144: 3
A145: 0 | B145: 3 | C145: 1 | D145: 2 | E145: 2 | F145: 2 | G145: 1 | H145: 1 | I145: 1 | J145: 24 | K145: 2 | L145: 3 | M145: 4 | N145: 3 | O145: 4 | P145: 3 | Q145: 4 | R145: 3 | S145: 5 | T145: 5 | U145: 5 | V145: 1 | W145: 1 | X145: 1 | Y145: 1 | Z145: 4 | AA145: 2 | AB145: 1 | AC145: 1 | AD145: 1 | AE145: 3 | AF145: 1 | AG145: 1 | AH145: 5 | AI145: 1 | AJ145: 4 | AK145: 3 | AL145: 4 | AM145: 3 | AN145: 3 | AO145: 3
A146: 0 | B146: 1 | C146: 2 | D146: 2 | E146: 2 | F146: 2 | G146: 4 | H146: 2 | I146: 3 | J146: 24 | K146: 3 | L146: 4 | M146: 2 | N146: 2 | O146: 4 | P146: 3 | Q146: 4 | R146: 3 | S146: 4 | T146: 5 | U146: 2 | V146: 5 | W146: 4 | X146: 4 | Y146: 4 | Z146: 3 | AA146: 4 | AB146: 4 | AC146: 2 | AD146: 1 | AE146: 3 | AF146: 3 | AG146: 1 | AH146: 4 | AI146: 2 | AJ146: 2 | AK146: 3 | AL146: 3 | AM146: 3 | AN146: 4 | AO146: 2
A147: 0 | B147: 4 | C147: 2 | D147: 1 | E147: 2 | F147: 2 | G147: 2 | H147: 3 | I147: 3 | J147: 26 | K147: 3 | L147: 3 | M147: 4 | N147: 4 | O147: 3 | P147: 2 | Q147: 3 | R147: 3 | S147: 4 | T147: 5 | U147: 5 | V147: 4 | W147: 4 | X147: 4 | Y147: 4 | Z147: 4 | AA147: 2 | AB147: 4 | AC147: 3 | AD147: 3 | AE147: 4 | AF147: 4 | AG147: 3 | AH147: 4 | AI147: 4 | AJ147: 4 | AK147: 3 | AL147: 3 | AM147: 3 | AN147: 3 | AO147: 3
A148: 0 | B148: 6 | C148: 2 | D148: 1 | E148: 2 | F148: 2 | G148: 1 | H148: 2 | I148: 1 | J148: 23 | K148: 2 | L148: 2 | M148: 3 | N148: 3 | O148: 3 | P148: 2 | Q148: 3 | R148: 4 | S148: 4 | T148: 4 | U148: 5 | V148: 3 | W148: 4 | X148: 4 | Y148: 4 | Z148: 4 | AA148: 3 | AB148: 2 | AC148: 3 | AD148: 3 | AE148: 3 | AF148: 2 | AG148: 4 | AH148: 2 | AI148: 2 | AJ148: 3 | AK148: 2 | AL148: 3 | AM148: 3 | AN148: 4 | AO148: 3
A149: 0 | B149: 4 | C149: 1 | D149: 1 | E149: 2 | F149: 2 | G149: 2 | H149: 2 | I149: 1 | J149: 24 | K149: 3 | L149: 3 | M149: 3 | N149: 3 | O149: 3 | P149: 2 | Q149: 2 | R149: 2 | S149: 4 | T149: 4 | U149: 4 | V149: 4 | W149: 5 | X149: 4 | Y149: 4 | Z149: 4 | AA149: 4 | AB149: 2 | AC149: 2 | AD149: 2 | AE149: 3 | AF149: 2 | AG149: 4 | AH149: 4 | AI149: 3 | AJ149: 2 | AK149: 2 | AL149: 4 | AM149: 4 | AN149: 2 | AO149: 2
B150: 3 | C150: 1 | D150: 1 | E150: 2 | F150: 2 | G150: 3 | H150: 2 | I150: 1 | J150: 23 | K150: 3 | L150: 4 | M150: 4 | N150: 4 | O150: 4 | P150: 3 | Q150: 3 | R150: 2 | S150: 4 | T150: 4 | U150: 4 | V150: 3 | W150: 3 | X150: 4 | Y150: 3 | Z150: 3 | AA150: 4 | AB150: 2 | AC150: 2 | AD150: 2 | AE150: 3 | AF150: 4 | AG150: 4 | AH150: 3 | AI150: 3 | AJ150: 4 | AK150: 3 | AL150: 4 | AM150: 4 | AN150: 3 | AO150: 3
A151: 1 | B151: 4 | C151: 1 | D151: 1 | E151: 2 | F151: 2 | G151: 2 | H151: 2 | I151: 2 | J151: 25 | K151: 3 | L151: 4 | M151: 4 | N151: 4 | O151: 4 | P151: 4 | Q151: 4 | R151: 4 | S151: 4 | T151: 4 | U151: 3 | V151: 4 | W151: 4 | X151: 4 | Y151: 2 | Z151: 4 | AA151: 4 | AB151: 4 | AC151: 1 | AD151: 1 | AE151: 4 | AF151: 2 | AG151: 4 | AH151: 4 | AI151: 4 | AJ151: 4 | AK151: 1 | AL151: 4 | AM151: 4 | AN151: 4 | AO151: 2
A152: 1 | B152: 4 | C152: 1 | D152: 1 | E152: 2 | F152: 2 | G152: 1 | H152: 3 | I152: 3 | J152: 29 | K152: 2 | L152: 4 | M152: 4 | N152: 3 | O152: 3 | P152: 2 | Q152: 3 | R152: 2 | S152: 4 | T152: 4 | U152: 4 | V152: 3 | W152: 3 | X152: 3 | Y152: 2 | Z152: 4 | AA152: 2 | AB152: 2 | AC152: 2 | AD152: 2 | AE152: 3 | AF152: 2 | AG152: 2 | AH152: 3 | AI152: 2 | AJ152: 3 | AK152: 3 | AL152: 2 | AM152: 4 | AN152: 4 | AO152: 4
A153: 0 | B153: 4 | C153: 1 | D153: 1 | E153: 2 | F153: 2 | G153: 1 | H153: 2 | I153: 3 | J153: 25 | K153: 4 | L153: 3 | M153: 4 | N153: 2 | O153: 3 | P153: 2 | Q153: 3 | R153: 2 | S153: 4 | T153: 4 | U153: 4 | V153: 4 | W153: 4 | X153: 2 | Y153: 2 | Z153: 4 | AA153: 2 | AB153: 2 | AC153: 2 | AD153: 2 | AE153: 3 | AF153: 3 | AG153: 4 | AH153: 4 | AI153: 3 | AJ153: 4 | AK153: 3 | AL153: 4 | AM153: 3 | AN153: 3 | AO153: 2
A154: 0 | B154: 3 | C154: 2 | D154: 1 | E154: 2 | F154: 2 | G154: 1 | H154: 2 | I154: 1 | J154: 22 | K154: 3 | L154: 3 | M154: 4 | N154: 3 | O154: 1 | P154: 2 | Q154: 2 | R154: 4 | S154: 5 | T154: 5 | U154: 5 | V154: 5 | W154: 4 | X154: 4 | Y154: 3 | Z154: 4 | AA154: 2 | AB154: 3 | AC154: 2 | AD154: 2 | AE154: 5 | AF154: 5 | AG154: 4 | AH154: 2 | AI154: 2 | AJ154: 5 | AK154: 2 | AL154: 3 | AM154: 3 | AN154: 4 | AO154: 3
B155: 4 | C155: 1 | D155: 1 | E155: 2 | F155: 2 | G155: 2 | H155: 2 | I155: 3 | J155: 28 | K155: 4 | L155: 3 | M155: 4 | N155: 3 | O155: 5 | P155: 3 | Q155: 4 | R155: 1 | S155: 5 | T155: 5 | U155: 5 | V155: 4 | W155: 5 | X155: 4 | Y155: 5 | Z155: 5 | AA155: 4 | AB155: 3 | AC155: 1 | AD155: 1 | AE155: 3 | AF155: 3 | AG155: 4 | AH155: 3 | AI155: 4 | AJ155: 4 | AK155: 2 | AL155: 5 | AM155: 3 | AN155: 1 | AO155: 2
A156: 0 | B156: 4 | C156: 1 | D156: 1 | E156: 2 | F156: 2 | G156: 3 | H156: 3 | I156: 1 | J156: 24 | K156: 4 | L156: 2 | M156: 4 | N156: 4 | O156: 4 | P156: 3 | Q156: 3 | R156: 4 | S156: 5 | T156: 4 | U156: 4 | V156: 4 | W156: 5 | X156: 3 | Y156: 4 | Z156: 4 | AA156: 4 | AB156: 2 | AC156: 4 | AD156: 3 | AE156: 3 | AF156: 2 | AG156: 3 | AH156: 4 | AI156: 5 | AJ156: 3 | AK156: 3 | AL156: 3 | AM156: 2 | AN156: 3 | AO156: 4
B157: 3 | C157: 2 | D157: 1 | E157: 2 | F157: 2 | G157: 1 | H157: 3 | I157: 1 | J157: 23 | K157: 4 | L157: 4 | M157: 4 | N157: 5 | O157: 4 | P157: 2 | Q157: 5 | R157: 4 | S157: 4 | T157: 5 | U157: 3 | V157: 4 | W157: 4 | X157: 2 | Y157: 2 | Z157: 2 | AA157: 5 | AB157: 4 | AC157: 2 | AD157: 2 | AE157: 4 | AF157: 4 | AG157: 5 | AH157: 4 | AI157: 4 | AJ157: 5 | AK157: 2 | AL157: 4 | AM157: 4 | AN157: 5 | AO157: 4
A158: 0 | B158: 1 | C158: 2 | D158: 1 | E158: 2 | F158: 2 | G158: 3 | H158: 2 | I158: 1 | J158: 23 | K158: 4 | L158: 4 | M158: 4 | N158: 4 | O158: 3 | P158: 3 | Q158: 4 | R158: 3 | S158: 4 | T158: 5 | U158: 3 | V158: 4 | W158: 5 | X158: 3 | Y158: 4 | Z158: 4 | AA158: 4 | AB158: 4 | AC158: 4 | AD158: 4 | AE158: 2 | AF158: 3 | AG158: 2 | AH158: 5 | AI158: 4 | AJ158: 3 | AK158: 3 | AL158: 4 | AM158: 3 | AN158: 3 | AO158: 3
A159: 0 | B159: 4 | C159: 1 | D159: 2 | E159: 2 | F159: 2 | G159: 3 | H159: 1 | I159: 1 | J159: 24 | K159: 3 | L159: 3 | M159: 2 | N159: 2 | O159: 2 | P159: 4 | Q159: 4 | R159: 2 | S159: 5 | T159: 4 | U159: 4 | V159: 4 | W159: 4 | X159: 4 | Y159: 4 | Z159: 4 | AA159: 4 | AB159: 2 | AC159: 2 | AD159: 2 | AE159: 4 | AF159: 2 | AG159: 4 | AH159: 4 | AI159: 4 | AJ159: 4 | AK159: 4 | AL159: 4 | AM159: 2 | AN159: 2 | AO159: 4
A160: 0 | B160: 4 | C160: 2 | D160: 1 | E160: 2 | F160: 2 | G160: 3 | H160: 3 | I160: 3 | J160: 25 | K160: 2 | L160: 4 | M160: 2 | N160: 3 | O160: 2 | P160: 2 | Q160: 4 | R160: 2 | S160: 4 | T160: 5 | U160: 4 | V160: 4 | W160: 2 | X160: 4 | Y160: 4 | Z160: 4 | AA160: 4 | AB160: 4 | AC160: 2 | AD160: 2 | AE160: 4 | AF160: 3 | AG160: 4 | AH160: 4 | AI160: 4 | AJ160: 2 | AK160: 2 | AL160: 4 | AM160: 2 | AN160: 2 | AO160: 2
A161: 0 | B161: 1 | C161: 2 | D161: 1 | E161: 2 | F161: 2 | G161: 4 | H161: 3 | I161: 1 | J161: 22 | K161: 4 | L161: 4 | M161: 4 | N161: 4 | O161: 4 | P161: 4 | Q161: 4 | R161: 4 | S161: 3 | T161: 5 | U161: 4 | V161: 3 | W161: 3 | X161: 3 | Y161: 3 | Z161: 4 | AA161: 4 | AB161: 2 | AC161: 3 | AD161: 2 | AE161: 3 | AF161: 2 | AG161: 3 | AH161: 4 | AI161: 4 | AJ161: 4 | AK161: 3 | AL161: 4 | AM161: 3 | AN161: 4 | AO161: 3
A162: 1 | B162: 4 | C162: 1 | D162: 1 | E162: 2 | F162: 2 | G162: 2 | H162: 1 | I162: 2 | J162: 25 | K162: 4 | L162: 4 | M162: 4 | N162: 4 | O162: 4 | P162: 5 | Q162: 4 | R162: 1 | S162: 4 | T162: 5 | U162: 5 | V162: 4 | W162: 3 | X162: 2 | Y162: 2 | Z162: 4 | AA162: 4 | AB162: 4 | AC162: 2 | AD162: 1 | AE162: 4 | AF162: 5 | AG162: 4 | AH162: 4 | AI162: 4 | AJ162: 2 | AK162: 2 | AL162: 4 | AM162: 4 | AN162: 2 | AO162: 4
A163: 0 | B163: 4 | C163: 1 | D163: 1 | E163: 2 | F163: 2 | G163: 3 | H163: 3 | I163: 3 | J163: 26 | K163: 4 | L163: 3 | M163: 4 | N163: 3 | O163: 3 | P163: 3 | Q163: 3 | R163: 2 | S163: 4 | T163: 5 | U163: 5 | V163: 3 | W163: 2 | X163: 3 | Y163: 3 | Z163: 3 | AA163: 4 | AB163: 3 | AC163: 2 | AD163: 2 | AE163: 4 | AF163: 3 | AG163: 4 | AH163: 2 | AI163: 2 | AJ163: 3 | AK163: 2 | AL163: 3 | AM163: 3 | AN163: 3 | AO163: 3
A164: 1 | B164: 3 | C164: 1 | D164: 1 | E164: 2 | F164: 2 | G164: 1 | H164: 2 | I164: 1 | J164: 24 | K164: 3 | L164: 2 | M164: 2 | N164: 2 | O164: 5 | P164: 4 | Q164: 3 | R164: 5 | S164: 4 | T164: 5 | U164: 4 | V164: 4 | W164: 2 | X164: 2 | Y164: 2 | Z164: 3 | AA164: 3 | AB164: 4 | AC164: 5 | AD164: 5 | AE164: 2 | AF164: 3 | AG164: 4 | AH164: 5 | AI164: 2 | AJ164: 3 | AK164: 3 | AL164: 4 | AM164: 2 | AN164: 3 | AO164: 4
A165: 1 | B165: 4 | C165: 1 | D165: 1 | E165: 2 | F165: 2 | G165: 4 | H165: 1 | I165: 3 | J165: 29 | K165: 3 | L165: 4 | M165: 5 | N165: 3 | O165: 4 | P165: 4 | Q165: 5 | R165: 2 | S165: 4 | T165: 5 | U165: 5 | V165: 5 | W165: 5 | X165: 3 | Y165: 5 | Z165: 4 | AA165: 4 | AB165: 4 | AC165: 1 | AD165: 4 | AE165: 4 | AF165: 2 | AG165: 4 | AH165: 4 | AI165: 4 | AJ165: 4 | AK165: 4 | AL165: 4 | AM165: 3 | AN165: 5 | AO165: 5
B166: 4 | C166: 1 | D166: 1 | E166: 2 | F166: 2 | G166: 1 | H166: 3 | I166: 2 | J166: 26 | K166: 4 | L166: 3 | M166: 4 | N166: 4 | O166: 4 | P166: 4 | Q166: 3 | R166: 3 | S166: 3 | T166: 5 | U166: 4 | V166: 3 | W166: 4 | X166: 4 | Y166: 2 | Z166: 3 | AA166: 4 | AB166: 2 | AC166: 2 | AD166: 2 | AE166: 2 | AF166: 1 | AG166: 2 | AH166: 3 | AI166: 4 | AJ166: 4 | AK166: 2 | AL166: 5 | AM166: 3 | AN166: 4 | AO166: 3
A167: 0 | B167: 3 | C167: 1 | D167: 1 | E167: 2 | F167: 2 | G167: 3 | H167: 3 | I167: 3 | J167: 24 | K167: 2 | L167: 2 | M167: 4 | N167: 2 | O167: 4 | P167: 4 | Q167: 2 | R167: 4 | S167: 3 | T167: 5 | U167: 4 | V167: 2 | W167: 2 | X167: 4 | Y167: 4 | Z167: 4 | AA167: 2 | AB167: 2 | AC167: 2 | AD167: 2 | AE167: 2 | AF167: 2 | AG167: 2 | AH167: 3 | AI167: 4 | AJ167: 4 | AK167: 4 | AL167: 2 | AM167: 3 | AN167: 2 | AO167: 2
A168: 1 | B168: 3 | C168: 2 | D168: 1 | E168: 2 | F168: 2 | G168: 1 | H168: 2 | I168: 1 | J168: 24 | K168: 4 | L168: 4 | M168: 3 | N168: 4 | O168: 4 | P168: 4 | Q168: 3 | R168: 4 | S168: 5 | T168: 4 | U168: 4 | V168: 4 | W168: 4 | X168: 3 | Y168: 2 | Z168: 2 | AA168: 4 | AB168: 4 | AC168: 2 | AD168: 2 | AE168: 4 | AF168: 4 | AG168: 4 | AH168: 4 | AI168: 4 | AJ168: 4 | AK168: 4 | AL168: 4 | AM168: 3 | AN168: 4 | AO168: 4
A169: 0 | B169: 4 | C169: 1 | D169: 1 | E169: 2 | F169: 2 | G169: 2 | H169: 1 | I169: 3 | J169: 24 | K169: 4 | L169: 4 | M169: 4 | N169: 4 | O169: 5 | P169: 4 | Q169: 2 | R169: 4 | S169: 5 | T169: 4 | U169: 5 | V169: 5 | W169: 4 | X169: 2 | Y169: 4 | Z169: 5 | AA169: 4 | AB169: 2 | AC169: 2 | AD169: 1 | AE169: 4 | AF169: 4 | AG169: 4 | AH169: 4 | AI169: 4 | AJ169: 5 | AK169: 4 | AL169: 5 | AM169: 5 | AN169: 2 | AO169: 4
...
